account_id,invoice_date,net_amount
ACC0,2024-03-21,499
ACC0,2024-04-21,499
ACC0,2024-05-21,499
ACC0,2024-06-21,499
ACC0,2024-07-21,499
ACC0,2024-08-21,499
ACC0,2024-09-21,499
ACC0,2024-10-21,499
ACC0,2024-11-21,499
ACC0,2024-12-21,499
ACC0,2025-01-21,499
ACC0,2025-02-21,499
ACC0,2025-03-21,499
ACC0,2025-04-21,499
ACC0,2025-05-21,499
ACC0,2025-06-21,499
ACC0,2025-07-21,499
ACC0,2025-08-21,499
ACC0,2025-09-21,499
ACC1,2024-04-01,99
ACC1,2024-05-01,99
ACC1,2024-06-01,99
ACC1,2024-07-01,99
ACC1,2024-08-01,99
ACC1,2024-09-01,99
ACC1,2024-10-01,99
ACC1,2024-11-01,99
ACC1,2024-12-01,99
ACC1,2025-01-01,99
ACC1,2025-02-01,99
ACC1,2025-03-01,99
ACC1,2025-04-01,99
ACC1,2025-05-01,99
ACC1,2025-06-01,99
ACC1,2025-07-01,99
ACC1,2025-08-01,99
ACC2,2024-02-20,499
ACC2,2024-03-20,499
ACC2,2024-04-20,499
ACC2,2024-05-20,499
ACC2,2024-06-20,499
ACC2,2024-07-20,499
ACC2,2024-08-20,499
ACC2,2024-09-20,499
ACC2,2024-10-20,499
ACC2,2024-11-20,499
ACC2,2024-12-20,499
ACC2,2025-01-20,499
ACC2,2025-02-20,499
ACC2,2025-03-20,499
ACC2,2025-04-20,499
ACC2,2025-05-20,499
ACC2,2025-06-20,499
ACC2,2025-07-20,499
ACC3,2024-04-13,199
ACC3,2024-05-13,199
ACC3,2024-06-13,199
ACC3,2024-07-13,199
ACC3,2024-08-13,199
ACC3,2024-09-13,199
ACC3,2024-10-13,199
ACC3,2024-11-13,199
ACC3,2024-12-13,199
ACC3,2025-01-13,199
ACC3,2025-02-13,199
ACC3,2025-03-13,199
ACC3,2025-04-13,199
ACC3,2025-05-13,199
ACC4,2024-03-13,499
ACC4,2024-04-13,499
ACC4,2024-05-13,499
ACC4,2024-06-13,499
ACC4,2024-07-13,499
ACC4,2024-08-13,499
ACC4,2024-09-13,499
ACC4,2024-10-13,499
ACC4,2024-11-13,499
ACC4,2024-12-13,499
ACC4,2025-01-13,499
ACC4,2025-02-13,499
ACC4,2025-03-13,499
ACC4,2025-04-13,499
ACC5,2024-01-20,199
ACC5,2024-02-20,199
ACC5,2024-03-20,199
ACC5,2024-04-20,199
ACC5,2024-05-20,199
ACC5,2024-06-20,199
ACC5,2024-07-20,199
ACC5,2024-08-20,199
ACC5,2024-09-20,199
ACC5,2024-10-20,199
ACC5,2024-11-20,199
ACC5,2024-12-20,199
ACC5,2025-01-20,199
ACC6,2024-01-16,499
ACC6,2024-02-16,499
ACC6,2024-03-16,499
ACC6,2024-04-16,499
ACC6,2024-05-16,499
ACC6,2024-06-16,499
ACC6,2024-07-16,499
ACC6,2024-08-16,499
ACC6,2024-09-16,499
ACC6,2024-10-16,499
ACC6,2024-11-16,499
ACC6,2024-12-16,499
ACC6,2025-01-16,499
ACC6,2025-02-16,499
ACC7,2024-03-30,99
ACC7,2024-04-30,99
ACC7,2024-05-30,99
ACC7,2024-06-30,99
ACC7,2024-07-30,99
ACC7,2024-08-30,99
ACC7,2024-09-30,99
ACC8,2024-03-04,499
ACC8,2024-04-04,499
ACC8,2024-05-04,499
ACC8,2024-06-04,499
ACC8,2024-07-04,499
ACC8,2024-08-04,499
ACC8,2024-09-04,499
ACC8,2024-10-04,499
ACC8,2024-11-04,499
ACC8,2024-12-04,499
ACC8,2025-01-04,499
ACC8,2025-02-04,499
ACC9,2024-02-10,199
ACC9,2024-03-10,199
ACC9,2024-04-10,199
ACC9,2024-05-10,199
ACC9,2024-06-10,199
ACC9,2024-07-10,199
ACC9,2024-08-10,199
ACC9,2024-09-10,199
ACC10,2024-04-10,99
ACC10,2024-05-10,99
ACC10,2024-06-10,99
ACC10,2024-07-10,99
ACC10,2024-08-10,99
ACC10,2024-09-10,99
ACC10,2024-10-10,99
ACC10,2024-11-10,99
ACC10,2024-12-10,99
ACC10,2025-01-10,99
ACC10,2025-02-10,99
ACC10,2025-03-10,99
ACC10,2025-04-10,99
ACC10,2025-05-10,99
ACC11,2024-02-11,99
ACC11,2024-03-11,99
ACC11,2024-04-11,99
ACC11,2024-05-11,99
ACC11,2024-06-11,99
ACC11,2024-07-11,99
ACC11,2024-08-11,99
ACC11,2024-09-11,99
ACC11,2024-10-11,99
ACC11,2024-11-11,99
ACC11,2024-12-11,99
ACC11,2025-01-11,99
ACC11,2025-02-11,99
ACC11,2025-03-11,99
ACC11,2025-04-11,99
ACC11,2025-05-11,99
ACC11,2025-06-11,99
ACC12,2024-02-17,199
ACC12,2024-03-17,199
ACC12,2024-04-17,199
ACC12,2024-05-17,199
ACC12,2024-06-17,199
ACC12,2024-07-17,199
ACC12,2024-08-17,199
ACC12,2024-09-17,199
ACC12,2024-10-17,199
ACC12,2024-11-17,199
ACC12,2024-12-17,199
ACC13,2024-01-17,499
ACC13,2024-02-17,499
ACC13,2024-03-17,499
ACC13,2024-04-17,499
ACC13,2024-05-17,499
ACC13,2024-06-17,499
ACC13,2024-07-17,499
ACC13,2024-08-17,499
ACC13,2024-09-17,499
ACC13,2024-10-17,499
ACC13,2024-11-17,499
ACC14,2024-03-18,199
ACC14,2024-04-18,199
ACC14,2024-05-18,199
ACC14,2024-06-18,199
ACC14,2024-07-18,199
ACC14,2024-08-18,199
ACC14,2024-09-18,199
ACC14,2024-10-18,199
ACC14,2024-11-18,199
ACC14,2024-12-18,199
ACC14,2025-01-18,199
ACC14,2025-02-18,199
ACC14,2025-03-18,199
ACC14,2025-04-18,199
ACC14,2025-05-18,199
ACC14,2025-06-18,199
ACC14,2025-07-18,199
ACC14,2025-08-18,199
ACC14,2025-09-18,199
ACC15,2024-03-23,99
ACC15,2024-04-23,99
ACC15,2024-05-23,99
ACC15,2024-06-23,99
ACC15,2024-07-23,99
ACC15,2024-08-23,99
ACC15,2024-09-23,99
ACC15,2024-10-23,99
ACC15,2024-11-23,99
ACC15,2024-12-23,99
ACC15,2025-01-23,99
ACC15,2025-02-23,99
ACC15,2025-03-23,99
ACC15,2025-04-23,99
ACC15,2025-05-23,99
ACC16,2024-01-19,99
ACC16,2024-02-19,99
ACC16,2024-03-19,99
ACC16,2024-04-19,99
ACC16,2024-05-19,99
ACC16,2024-06-19,99
ACC17,2024-03-17,199
ACC17,2024-04-17,199
ACC17,2024-05-17,199
ACC17,2024-06-17,199
ACC17,2024-07-17,199
ACC17,2024-08-17,199
ACC17,2024-09-17,199
ACC17,2024-10-17,199
ACC17,2024-11-17,199
ACC17,2024-12-17,199
ACC17,2025-01-17,199
ACC17,2025-02-17,199
ACC17,2025-03-17,199
ACC17,2025-04-17,199
ACC18,2024-03-16,99
ACC18,2024-04-16,99
ACC18,2024-05-16,99
ACC18,2024-06-16,99
ACC18,2024-07-16,99
ACC18,2024-08-16,99
ACC18,2024-09-16,99
ACC18,2024-10-16,99
ACC18,2024-11-16,99
ACC18,2024-12-16,99
ACC18,2025-01-16,99
ACC18,2025-02-16,99
ACC18,2025-03-16,99
ACC18,2025-04-16,99
ACC18,2025-05-16,99
ACC18,2025-06-16,99
ACC19,2024-03-17,199
ACC19,2024-04-17,199
ACC19,2024-05-17,199
ACC19,2024-06-17,199
ACC19,2024-07-17,199
ACC19,2024-08-17,199
ACC19,2024-09-17,199
ACC19,2024-10-17,199
ACC19,2024-11-17,199
ACC19,2024-12-17,199
ACC19,2025-01-17,199
ACC19,2025-02-17,199
ACC19,2025-03-17,199
ACC19,2025-04-17,199
ACC19,2025-05-17,199
ACC20,2024-03-26,499
ACC20,2024-04-26,499
ACC20,2024-05-26,499
ACC20,2024-06-26,499
ACC20,2024-07-26,499
ACC20,2024-08-26,499
ACC20,2024-09-26,499
ACC20,2024-10-26,499
ACC20,2024-11-26,499
ACC20,2024-12-26,499
ACC20,2025-01-26,499
ACC20,2025-02-26,499
ACC20,2025-03-26,499
ACC21,2024-03-10,199
ACC21,2024-04-10,199
ACC21,2024-05-10,199
ACC21,2024-06-10,199
ACC21,2024-07-10,199
ACC21,2024-08-10,199
ACC21,2024-09-10,199
ACC21,2024-10-10,199
ACC21,2024-11-10,199
ACC21,2024-12-10,199
ACC21,2025-01-10,199
ACC21,2025-02-10,199
ACC21,2025-03-10,199
ACC21,2025-04-10,199
ACC21,2025-05-10,199
ACC21,2025-06-10,199
ACC21,2025-07-10,199
ACC22,2024-03-14,199
ACC22,2024-04-14,199
ACC22,2024-05-14,199
ACC22,2024-06-14,199
ACC22,2024-07-14,199
ACC22,2024-08-14,199
ACC22,2024-09-14,199
ACC22,2024-10-14,199
ACC22,2024-11-14,199
ACC22,2024-12-14,199
ACC22,2025-01-14,199
ACC22,2025-02-14,199
ACC22,2025-03-14,199
ACC22,2025-04-14,199
ACC22,2025-05-14,199
ACC22,2025-06-14,199
ACC22,2025-07-14,199
ACC22,2025-08-14,199
ACC22,2025-09-14,199
ACC23,2024-03-17,199
ACC23,2024-04-17,199
ACC23,2024-05-17,199
ACC23,2024-06-17,199
ACC23,2024-07-17,199
ACC23,2024-08-17,199
ACC24,2024-02-05,499
ACC24,2024-03-05,499
ACC24,2024-04-05,499
ACC24,2024-05-05,499
ACC24,2024-06-05,499
ACC24,2024-07-05,499
ACC24,2024-08-05,499
ACC24,2024-09-05,499
ACC24,2024-10-05,499
ACC24,2024-11-05,499
ACC24,2024-12-05,499
ACC24,2025-01-05,499
ACC24,2025-02-05,499
ACC24,2025-03-05,499
ACC24,2025-04-05,499
ACC24,2025-05-05,499
ACC25,2024-01-15,499
ACC25,2024-02-15,499
ACC25,2024-03-15,499
ACC25,2024-04-15,499
ACC25,2024-05-15,499
ACC25,2024-06-15,499
ACC25,2024-07-15,499
ACC25,2024-08-15,499
ACC25,2024-09-15,499
ACC25,2024-10-15,499
ACC25,2024-11-15,499
ACC25,2024-12-15,499
ACC25,2025-01-15,499
ACC26,2024-02-20,199
ACC26,2024-03-20,199
ACC26,2024-04-20,199
ACC26,2024-05-20,199
ACC26,2024-06-20,199
ACC26,2024-07-20,199
ACC27,2024-01-23,499
ACC27,2024-02-23,499
ACC27,2024-03-23,499
ACC27,2024-04-23,499
ACC27,2024-05-23,499
ACC27,2024-06-23,499
ACC27,2024-07-23,499
ACC27,2024-08-23,499
ACC27,2024-09-23,499
ACC27,2024-10-23,499
ACC27,2024-11-23,499
ACC28,2024-01-18,99
ACC28,2024-02-18,99
ACC28,2024-03-18,99
ACC28,2024-04-18,99
ACC28,2024-05-18,99
ACC28,2024-06-18,99
ACC29,2024-03-25,199
ACC29,2024-04-25,199
ACC29,2024-05-25,199
ACC29,2024-06-25,199
ACC29,2024-07-25,199
ACC29,2024-08-25,199
ACC29,2024-09-25,199
ACC29,2024-10-25,199
ACC29,2024-11-25,199
ACC29,2024-12-25,199
ACC29,2025-01-25,199
ACC30,2024-03-23,199
ACC30,2024-04-23,199
ACC30,2024-05-23,199
ACC30,2024-06-23,199
ACC30,2024-07-23,199
ACC30,2024-08-23,199
ACC30,2024-09-23,199
ACC30,2024-10-23,199
ACC30,2024-11-23,199
ACC30,2024-12-23,199
ACC30,2025-01-23,199
ACC30,2025-02-23,199
ACC30,2025-03-23,199
ACC30,2025-04-23,199
ACC30,2025-05-23,199
ACC30,2025-06-23,199
ACC31,2024-01-24,99
ACC31,2024-02-24,99
ACC31,2024-03-24,99
ACC31,2024-04-24,99
ACC31,2024-05-24,99
ACC31,2024-06-24,99
ACC31,2024-07-24,99
ACC31,2024-08-24,99
ACC31,2024-09-24,99
ACC31,2024-10-24,99
ACC31,2024-11-24,99
ACC31,2024-12-24,99
ACC31,2025-01-24,99
ACC31,2025-02-24,99
ACC31,2025-03-24,99
ACC32,2024-04-05,99
ACC32,2024-05-05,99
ACC32,2024-06-05,99
ACC32,2024-07-05,99
ACC32,2024-08-05,99
ACC32,2024-09-05,99
ACC32,2024-10-05,99
ACC32,2024-11-05,99
ACC32,2024-12-05,99
ACC32,2025-01-05,99
ACC32,2025-02-05,99
ACC32,2025-03-05,99
ACC32,2025-04-05,99
ACC32,2025-05-05,99
ACC32,2025-06-05,99
ACC32,2025-07-05,99
ACC32,2025-08-05,99
ACC33,2024-04-01,199
ACC33,2024-05-01,199
ACC33,2024-06-01,199
ACC33,2024-07-01,199
ACC33,2024-08-01,199
ACC33,2024-09-01,199
ACC33,2024-10-01,199
ACC33,2024-11-01,199
ACC33,2024-12-01,199
ACC33,2025-01-01,199
ACC33,2025-02-01,199
ACC33,2025-03-01,199
ACC33,2025-04-01,199
ACC33,2025-05-01,199
ACC33,2025-06-01,199
ACC33,2025-07-01,199
ACC33,2025-08-01,199
ACC34,2024-02-13,99
ACC34,2024-03-13,99
ACC34,2024-04-13,99
ACC34,2024-05-13,99
ACC34,2024-06-13,99
ACC34,2024-07-13,99
ACC34,2024-08-13,99
ACC34,2024-09-13,99
ACC34,2024-10-13,99
ACC34,2024-11-13,99
ACC35,2024-02-04,199
ACC35,2024-03-04,199
ACC35,2024-04-04,199
ACC35,2024-05-04,199
ACC35,2024-06-04,199
ACC35,2024-07-04,199
ACC35,2024-08-04,199
ACC36,2024-02-09,499
ACC36,2024-03-09,499
ACC36,2024-04-09,499
ACC36,2024-05-09,499
ACC36,2024-06-09,499
ACC36,2024-07-09,499
ACC36,2024-08-09,499
ACC36,2024-09-09,499
ACC36,2024-10-09,499
ACC36,2024-11-09,499
ACC36,2024-12-09,499
ACC36,2025-01-09,499
ACC36,2025-02-09,499
ACC36,2025-03-09,499
ACC36,2025-04-09,499
ACC37,2024-03-15,199
ACC37,2024-04-15,199
ACC37,2024-05-15,199
ACC37,2024-06-15,199
ACC37,2024-07-15,199
ACC37,2024-08-15,199
ACC38,2024-03-09,199
ACC38,2024-04-09,199
ACC38,2024-05-09,199
ACC38,2024-06-09,199
ACC38,2024-07-09,199
ACC38,2024-08-09,199
ACC39,2024-03-22,199
ACC39,2024-04-22,199
ACC39,2024-05-22,199
ACC39,2024-06-22,199
ACC39,2024-07-22,199
ACC39,2024-08-22,199
ACC40,2024-01-15,99
ACC40,2024-02-15,99
ACC40,2024-03-15,99
ACC40,2024-04-15,99
ACC40,2024-05-15,99
ACC40,2024-06-15,99
ACC40,2024-07-15,99
ACC40,2024-08-15,99
ACC40,2024-09-15,99
ACC40,2024-10-15,99
ACC40,2024-11-15,99
ACC40,2024-12-15,99
ACC40,2025-01-15,99
ACC40,2025-02-15,99
ACC40,2025-03-15,99
ACC41,2024-02-02,199
ACC41,2024-03-02,199
ACC41,2024-04-02,199
ACC41,2024-05-02,199
ACC41,2024-06-02,199
ACC41,2024-07-02,199
ACC41,2024-08-02,199
ACC42,2024-03-13,99
ACC42,2024-04-13,99
ACC42,2024-05-13,99
ACC42,2024-06-13,99
ACC42,2024-07-13,99
ACC42,2024-08-13,99
ACC42,2024-09-13,99
ACC42,2024-10-13,99
ACC42,2024-11-13,99
ACC42,2024-12-13,99
ACC42,2025-01-13,99
ACC42,2025-02-13,99
ACC42,2025-03-13,99
ACC43,2024-03-10,99
ACC43,2024-04-10,99
ACC43,2024-05-10,99
ACC43,2024-06-10,99
ACC43,2024-07-10,99
ACC43,2024-08-10,99
ACC43,2024-09-10,99
ACC44,2024-01-29,499
ACC44,2024-02-29,499
ACC44,2024-03-29,499
ACC44,2024-04-29,499
ACC44,2024-05-29,499
ACC44,2024-06-29,499
ACC44,2024-07-29,499
ACC45,2024-02-24,199
ACC45,2024-03-24,199
ACC45,2024-04-24,199
ACC45,2024-05-24,199
ACC45,2024-06-24,199
ACC45,2024-07-24,199
ACC45,2024-08-24,199
ACC46,2024-04-05,199
ACC46,2024-05-05,199
ACC46,2024-06-05,199
ACC46,2024-07-05,199
ACC46,2024-08-05,199
ACC46,2024-09-05,199
ACC46,2024-10-05,199
ACC46,2024-11-05,199
ACC46,2024-12-05,199
ACC46,2025-01-05,199
ACC46,2025-02-05,199
ACC46,2025-03-05,199
ACC46,2025-04-05,199
ACC46,2025-05-05,199
ACC46,2025-06-05,199
ACC46,2025-07-05,199
ACC46,2025-08-05,199
ACC47,2024-04-04,199
ACC47,2024-05-04,199
ACC47,2024-06-04,199
ACC47,2024-07-04,199
ACC47,2024-08-04,199
ACC47,2024-09-04,199
ACC47,2024-10-04,199
ACC47,2024-11-04,199
ACC47,2024-12-04,199
ACC47,2025-01-04,199
ACC47,2025-02-04,199
ACC47,2025-03-04,199
ACC47,2025-04-04,199
ACC47,2025-05-04,199
ACC47,2025-06-04,199
ACC47,2025-07-04,199
ACC47,2025-08-04,199
ACC47,2025-09-04,199
ACC48,2024-03-22,499
ACC48,2024-04-22,499
ACC48,2024-05-22,499
ACC48,2024-06-22,499
ACC48,2024-07-22,499
ACC48,2024-08-22,499
ACC48,2024-09-22,499
ACC48,2024-10-22,499
ACC48,2024-11-22,499
ACC48,2024-12-22,499
ACC48,2025-01-22,499
ACC48,2025-02-22,499
ACC48,2025-03-22,499
ACC48,2025-04-22,499
ACC48,2025-05-22,499
ACC48,2025-06-22,499
ACC48,2025-07-22,499
ACC48,2025-08-22,499
ACC49,2024-03-06,99
ACC49,2024-04-06,99
ACC49,2024-05-06,99
ACC49,2024-06-06,99
ACC49,2024-07-06,99
ACC49,2024-08-06,99
ACC49,2024-09-06,99
ACC50,2024-03-29,99
ACC50,2024-04-29,99
ACC50,2024-05-29,99
ACC50,2024-06-29,99
ACC50,2024-07-29,99
ACC50,2024-08-29,99
ACC50,2024-09-29,99
ACC50,2024-10-29,99
ACC50,2024-11-29,99
ACC50,2024-12-29,99
ACC50,2025-01-29,99
ACC51,2024-03-25,199
ACC51,2024-04-25,199
ACC51,2024-05-25,199
ACC51,2024-06-25,199
ACC51,2024-07-25,199
ACC51,2024-08-25,199
ACC51,2024-09-25,199
ACC51,2024-10-25,199
ACC51,2024-11-25,199
ACC51,2024-12-25,199
ACC51,2025-01-25,199
ACC51,2025-02-25,199
ACC51,2025-03-25,199
ACC52,2024-01-24,499
ACC52,2024-02-24,499
ACC52,2024-03-24,499
ACC52,2024-04-24,499
ACC52,2024-05-24,499
ACC52,2024-06-24,499
ACC52,2024-07-24,499
ACC52,2024-08-24,499
ACC52,2024-09-24,499
ACC52,2024-10-24,499
ACC52,2024-11-24,499
ACC53,2024-04-03,199
ACC53,2024-05-03,199
ACC53,2024-06-03,199
ACC53,2024-07-03,199
ACC53,2024-08-03,199
ACC53,2024-09-03,199
ACC53,2024-10-03,199
ACC53,2024-11-03,199
ACC53,2024-12-03,199
ACC53,2025-01-03,199
ACC53,2025-02-03,199
ACC53,2025-03-03,199
ACC53,2025-04-03,199
ACC53,2025-05-03,199
ACC53,2025-06-03,199
ACC54,2024-03-24,499
ACC54,2024-04-24,499
ACC54,2024-05-24,499
ACC54,2024-06-24,499
ACC54,2024-07-24,499
ACC54,2024-08-24,499
ACC54,2024-09-24,499
ACC54,2024-10-24,499
ACC54,2024-11-24,499
ACC54,2024-12-24,499
ACC54,2025-01-24,499
ACC54,2025-02-24,499
ACC54,2025-03-24,499
ACC54,2025-04-24,499
ACC54,2025-05-24,499
ACC55,2024-03-01,199
ACC55,2024-04-01,199
ACC55,2024-05-01,199
ACC55,2024-06-01,199
ACC55,2024-07-01,199
ACC55,2024-08-01,199
ACC55,2024-09-01,199
ACC55,2024-10-01,199
ACC55,2024-11-01,199
ACC55,2024-12-01,199
ACC55,2025-01-01,199
ACC55,2025-02-01,199
ACC55,2025-03-01,199
ACC55,2025-04-01,199
ACC55,2025-05-01,199
ACC55,2025-06-01,199
ACC55,2025-07-01,199
ACC55,2025-08-01,199
ACC56,2024-02-05,199
ACC56,2024-03-05,199
ACC56,2024-04-05,199
ACC56,2024-05-05,199
ACC56,2024-06-05,199
ACC56,2024-07-05,199
ACC56,2024-08-05,199
ACC56,2024-09-05,199
ACC56,2024-10-05,199
ACC56,2024-11-05,199
ACC56,2024-12-05,199
ACC56,2025-01-05,199
ACC57,2024-03-08,199
ACC57,2024-04-08,199
ACC57,2024-05-08,199
ACC57,2024-06-08,199
ACC57,2024-07-08,199
ACC57,2024-08-08,199
ACC57,2024-09-08,199
ACC57,2024-10-08,199
ACC57,2024-11-08,199
ACC57,2024-12-08,199
ACC57,2025-01-08,199
ACC57,2025-02-08,199
ACC57,2025-03-08,199
ACC57,2025-04-08,199
ACC57,2025-05-08,199
ACC57,2025-06-08,199
ACC57,2025-07-08,199
ACC57,2025-08-08,199
ACC57,2025-09-08,199
ACC58,2024-02-10,499
ACC58,2024-03-10,499
ACC58,2024-04-10,499
ACC58,2024-05-10,499
ACC58,2024-06-10,499
ACC58,2024-07-10,499
ACC58,2024-08-10,499
ACC58,2024-09-10,499
ACC58,2024-10-10,499
ACC58,2024-11-10,499
ACC58,2024-12-10,499
ACC58,2025-01-10,499
ACC58,2025-02-10,499
ACC58,2025-03-10,499
ACC58,2025-04-10,499
ACC59,2024-03-07,99
ACC59,2024-04-07,99
ACC59,2024-05-07,99
ACC59,2024-06-07,99
ACC59,2024-07-07,99
ACC59,2024-08-07,99
ACC59,2024-09-07,99
ACC59,2024-10-07,99
ACC60,2024-03-22,99
ACC60,2024-04-22,99
ACC60,2024-05-22,99
ACC60,2024-06-22,99
ACC60,2024-07-22,99
ACC60,2024-08-22,99
ACC60,2024-09-22,99
ACC60,2024-10-22,99
ACC60,2024-11-22,99
ACC60,2024-12-22,99
ACC60,2025-01-22,99
ACC60,2025-02-22,99
ACC60,2025-03-22,99
ACC60,2025-04-22,99
ACC60,2025-05-22,99
ACC60,2025-06-22,99
ACC60,2025-07-22,99
ACC61,2024-04-04,499
ACC61,2024-05-04,499
ACC61,2024-06-04,499
ACC61,2024-07-04,499
ACC61,2024-08-04,499
ACC61,2024-09-04,499
ACC62,2024-03-30,199
ACC62,2024-04-30,199
ACC62,2024-05-30,199
ACC62,2024-06-30,199
ACC62,2024-07-30,199
ACC62,2024-08-30,199
ACC62,2024-09-30,199
ACC62,2024-10-30,199
ACC62,2024-11-30,199
ACC63,2024-03-14,199
ACC63,2024-04-14,199
ACC63,2024-05-14,199
ACC63,2024-06-14,199
ACC63,2024-07-14,199
ACC63,2024-08-14,199
ACC63,2024-09-14,199
ACC63,2024-10-14,199
ACC63,2024-11-14,199
ACC63,2024-12-14,199
ACC64,2024-02-28,99
ACC64,2024-03-28,99
ACC64,2024-04-28,99
ACC64,2024-05-28,99
ACC64,2024-06-28,99
ACC64,2024-07-28,99
ACC64,2024-08-28,99
ACC64,2024-09-28,99
ACC65,2024-03-08,99
ACC65,2024-04-08,99
ACC65,2024-05-08,99
ACC65,2024-06-08,99
ACC65,2024-07-08,99
ACC65,2024-08-08,99
ACC65,2024-09-08,99
ACC65,2024-10-08,99
ACC65,2024-11-08,99
ACC65,2024-12-08,99
ACC65,2025-01-08,99
ACC65,2025-02-08,99
ACC65,2025-03-08,99
ACC65,2025-04-08,99
ACC65,2025-05-08,99
ACC65,2025-06-08,99
ACC65,2025-07-08,99
ACC65,2025-08-08,99
ACC65,2025-09-08,99
ACC66,2024-03-29,199
ACC66,2024-04-29,199
ACC66,2024-05-29,199
ACC66,2024-06-29,199
ACC66,2024-07-29,199
ACC66,2024-08-29,199
ACC66,2024-09-29,199
ACC66,2024-10-29,199
ACC66,2024-11-29,199
ACC66,2024-12-29,199
ACC67,2024-03-11,499
ACC67,2024-04-11,499
ACC67,2024-05-11,499
ACC67,2024-06-11,499
ACC67,2024-07-11,499
ACC67,2024-08-11,499
ACC67,2024-09-11,499
ACC67,2024-10-11,499
ACC67,2024-11-11,499
ACC67,2024-12-11,499
ACC67,2025-01-11,499
ACC68,2024-02-07,99
ACC68,2024-03-07,99
ACC68,2024-04-07,99
ACC68,2024-05-07,99
ACC68,2024-06-07,99
ACC68,2024-07-07,99
ACC68,2024-08-07,99
ACC68,2024-09-07,99
ACC68,2024-10-07,99
ACC68,2024-11-07,99
ACC68,2024-12-07,99
ACC68,2025-01-07,99
ACC68,2025-02-07,99
ACC68,2025-03-07,99
ACC68,2025-04-07,99
ACC68,2025-05-07,99
ACC69,2024-03-11,499
ACC69,2024-04-11,499
ACC69,2024-05-11,499
ACC69,2024-06-11,499
ACC69,2024-07-11,499
ACC69,2024-08-11,499
ACC69,2024-09-11,499
ACC69,2024-10-11,499
ACC69,2024-11-11,499
ACC69,2024-12-11,499
ACC69,2025-01-11,499
ACC69,2025-02-11,499
ACC69,2025-03-11,499
ACC69,2025-04-11,499
ACC69,2025-05-11,499
ACC69,2025-06-11,499
ACC70,2024-04-11,199
ACC70,2024-05-11,199
ACC70,2024-06-11,199
ACC70,2024-07-11,199
ACC70,2024-08-11,199
ACC70,2024-09-11,199
ACC70,2024-10-11,199
ACC70,2024-11-11,199
ACC70,2024-12-11,199
ACC70,2025-01-11,199
ACC70,2025-02-11,199
ACC70,2025-03-11,199
ACC70,2025-04-11,199
ACC70,2025-05-11,199
ACC70,2025-06-11,199
ACC70,2025-07-11,199
ACC70,2025-08-11,199
ACC71,2024-04-02,199
ACC71,2024-05-02,199
ACC71,2024-06-02,199
ACC71,2024-07-02,199
ACC71,2024-08-02,199
ACC71,2024-09-02,199
ACC71,2024-10-02,199
ACC71,2024-11-02,199
ACC71,2024-12-02,199
ACC71,2025-01-02,199
ACC71,2025-02-02,199
ACC71,2025-03-02,199
ACC71,2025-04-02,199
ACC71,2025-05-02,199
ACC71,2025-06-02,199
ACC71,2025-07-02,199
ACC71,2025-08-02,199
ACC71,2025-09-02,199
ACC71,2025-10-02,199
ACC72,2024-04-10,99
ACC72,2024-05-10,99
ACC72,2024-06-10,99
ACC72,2024-07-10,99
ACC72,2024-08-10,99
ACC72,2024-09-10,99
ACC72,2024-10-10,99
ACC72,2024-11-10,99
ACC72,2024-12-10,99
ACC72,2025-01-10,99
ACC72,2025-02-10,99
ACC72,2025-03-10,99
ACC72,2025-04-10,99
ACC72,2025-05-10,99
ACC72,2025-06-10,99
ACC72,2025-07-10,99
ACC72,2025-08-10,99
ACC72,2025-09-10,99
ACC73,2024-02-08,499
ACC73,2024-03-08,499
ACC73,2024-04-08,499
ACC73,2024-05-08,499
ACC73,2024-06-08,499
ACC73,2024-07-08,499
ACC73,2024-08-08,499
ACC73,2024-09-08,499
ACC73,2024-10-08,499
ACC73,2024-11-08,499
ACC73,2024-12-08,499
ACC73,2025-01-08,499
ACC73,2025-02-08,499
ACC73,2025-03-08,499
ACC73,2025-04-08,499
ACC74,2024-02-13,199
ACC74,2024-03-13,199
ACC74,2024-04-13,199
ACC74,2024-05-13,199
ACC74,2024-06-13,199
ACC74,2024-07-13,199
ACC74,2024-08-13,199
ACC74,2024-09-13,199
ACC74,2024-10-13,199
ACC74,2024-11-13,199
ACC74,2024-12-13,199
ACC74,2025-01-13,199
ACC74,2025-02-13,199
ACC74,2025-03-13,199
ACC75,2024-01-22,199
ACC75,2024-02-22,199
ACC75,2024-03-22,199
ACC75,2024-04-22,199
ACC75,2024-05-22,199
ACC75,2024-06-22,199
ACC75,2024-07-22,199
ACC75,2024-08-22,199
ACC75,2024-09-22,199
ACC75,2024-10-22,199
ACC75,2024-11-22,199
ACC76,2024-01-22,199
ACC76,2024-02-22,199
ACC76,2024-03-22,199
ACC76,2024-04-22,199
ACC76,2024-05-22,199
ACC76,2024-06-22,199
ACC76,2024-07-22,199
ACC76,2024-08-22,199
ACC76,2024-09-22,199
ACC76,2024-10-22,199
ACC77,2024-04-10,99
ACC77,2024-05-10,99
ACC77,2024-06-10,99
ACC77,2024-07-10,99
ACC77,2024-08-10,99
ACC77,2024-09-10,99
ACC77,2024-10-10,99
ACC78,2024-02-26,499
ACC78,2024-03-26,499
ACC78,2024-04-26,499
ACC78,2024-05-26,499
ACC78,2024-06-26,499
ACC78,2024-07-26,499
ACC78,2024-08-26,499
ACC78,2024-09-26,499
ACC78,2024-10-26,499
ACC78,2024-11-26,499
ACC78,2024-12-26,499
ACC79,2024-04-08,499
ACC79,2024-05-08,499
ACC79,2024-06-08,499
ACC79,2024-07-08,499
ACC79,2024-08-08,499
ACC79,2024-09-08,499
ACC79,2024-10-08,499
ACC79,2024-11-08,499
ACC79,2024-12-08,499
ACC79,2025-01-08,499
ACC80,2024-01-30,199
ACC80,2024-02-29,199
ACC80,2024-03-30,199
ACC80,2024-04-30,199
ACC80,2024-05-30,199
ACC80,2024-06-30,199
ACC80,2024-07-30,199
ACC80,2024-08-30,199
ACC80,2024-09-30,199
ACC80,2024-10-30,199
ACC80,2024-11-30,199
ACC80,2024-12-30,199
ACC80,2025-01-30,199
ACC80,2025-02-28,199
ACC80,2025-03-30,199
ACC81,2024-03-06,499
ACC81,2024-04-06,499
ACC81,2024-05-06,499
ACC81,2024-06-06,499
ACC81,2024-07-06,499
ACC81,2024-08-06,499
ACC81,2024-09-06,499
ACC81,2024-10-06,499
ACC81,2024-11-06,499
ACC81,2024-12-06,499
ACC81,2025-01-06,499
ACC81,2025-02-06,499
ACC81,2025-03-06,499
ACC81,2025-04-06,499
ACC81,2025-05-06,499
ACC81,2025-06-06,499
ACC81,2025-07-06,499
ACC81,2025-08-06,499
ACC81,2025-09-06,499
ACC82,2024-02-10,99
ACC82,2024-03-10,99
ACC82,2024-04-10,99
ACC82,2024-05-10,99
ACC82,2024-06-10,99
ACC82,2024-07-10,99
ACC82,2024-08-10,99
ACC82,2024-09-10,99
ACC82,2024-10-10,99
ACC83,2024-03-03,199
ACC83,2024-04-03,199
ACC83,2024-05-03,199
ACC83,2024-06-03,199
ACC83,2024-07-03,199
ACC83,2024-08-03,199
ACC83,2024-09-03,199
ACC83,2024-10-03,199
ACC83,2024-11-03,199
ACC83,2024-12-03,199
ACC83,2025-01-03,199
ACC83,2025-02-03,199
ACC84,2024-03-23,499
ACC84,2024-04-23,499
ACC84,2024-05-23,499
ACC84,2024-06-23,499
ACC84,2024-07-23,499
ACC84,2024-08-23,499
ACC84,2024-09-23,499
ACC84,2024-10-23,499
ACC84,2024-11-23,499
ACC84,2024-12-23,499
ACC84,2025-01-23,499
ACC84,2025-02-23,499
ACC84,2025-03-23,499
ACC84,2025-04-23,499
ACC84,2025-05-23,499
ACC84,2025-06-23,499
ACC84,2025-07-23,499
ACC85,2024-04-10,199
ACC85,2024-05-10,199
ACC85,2024-06-10,199
ACC85,2024-07-10,199
ACC85,2024-08-10,199
ACC85,2024-09-10,199
ACC85,2024-10-10,199
ACC85,2024-11-10,199
ACC86,2024-03-08,199
ACC86,2024-04-08,199
ACC86,2024-05-08,199
ACC86,2024-06-08,199
ACC86,2024-07-08,199
ACC86,2024-08-08,199
ACC86,2024-09-08,199
ACC86,2024-10-08,199
ACC86,2024-11-08,199
ACC86,2024-12-08,199
ACC86,2025-01-08,199
ACC86,2025-02-08,199
ACC87,2024-03-05,499
ACC87,2024-04-05,499
ACC87,2024-05-05,499
ACC87,2024-06-05,499
ACC87,2024-07-05,499
ACC87,2024-08-05,499
ACC87,2024-09-05,499
ACC88,2024-01-27,199
ACC88,2024-02-27,199
ACC88,2024-03-27,199
ACC88,2024-04-27,199
ACC88,2024-05-27,199
ACC88,2024-06-27,199
ACC88,2024-07-27,199
ACC88,2024-08-27,199
ACC88,2024-09-27,199
ACC88,2024-10-27,199
ACC88,2024-11-27,199
ACC88,2024-12-27,199
ACC88,2025-01-27,199
ACC88,2025-02-27,199
ACC89,2024-01-29,199
ACC89,2024-02-29,199
ACC89,2024-03-29,199
ACC89,2024-04-29,199
ACC89,2024-05-29,199
ACC89,2024-06-29,199
ACC89,2024-07-29,199
ACC89,2024-08-29,199
ACC89,2024-09-29,199
ACC90,2024-01-15,199
ACC90,2024-02-15,199
ACC90,2024-03-15,199
ACC90,2024-04-15,199
ACC90,2024-05-15,199
ACC90,2024-06-15,199
ACC90,2024-07-15,199
ACC90,2024-08-15,199
ACC90,2024-09-15,199
ACC90,2024-10-15,199
ACC90,2024-11-15,199
ACC90,2024-12-15,199
ACC90,2025-01-15,199
ACC90,2025-02-15,199
ACC91,2024-01-23,199
ACC91,2024-02-23,199
ACC91,2024-03-23,199
ACC91,2024-04-23,199
ACC91,2024-05-23,199
ACC91,2024-06-23,199
ACC91,2024-07-23,199
ACC91,2024-08-23,199
ACC91,2024-09-23,199
ACC92,2024-03-31,199
ACC92,2024-04-30,199
ACC92,2024-05-31,199
ACC92,2024-06-30,199
ACC92,2024-07-31,199
ACC92,2024-08-31,199
ACC92,2024-09-30,199
ACC92,2024-10-31,199
ACC92,2024-11-30,199
ACC92,2024-12-31,199
ACC92,2025-01-31,199
ACC92,2025-02-28,199
ACC92,2025-03-31,199
ACC93,2024-01-17,199
ACC93,2024-02-17,199
ACC93,2024-03-17,199
ACC93,2024-04-17,199
ACC93,2024-05-17,199
ACC93,2024-06-17,199
ACC93,2024-07-17,199
ACC93,2024-08-17,199
ACC93,2024-09-17,199
ACC93,2024-10-17,199
ACC93,2024-11-17,199
ACC93,2024-12-17,199
ACC93,2025-01-17,199
ACC93,2025-02-17,199
ACC93,2025-03-17,199
ACC93,2025-04-17,199
ACC93,2025-05-17,199
ACC93,2025-06-17,199
ACC94,2024-03-01,499
ACC94,2024-04-01,499
ACC94,2024-05-01,499
ACC94,2024-06-01,499
ACC94,2024-07-01,499
ACC94,2024-08-01,499
ACC94,2024-09-01,499
ACC94,2024-10-01,499
ACC94,2024-11-01,499
ACC94,2024-12-01,499
ACC94,2025-01-01,499
ACC94,2025-02-01,499
ACC94,2025-03-01,499
ACC94,2025-04-01,499
ACC94,2025-05-01,499
ACC94,2025-06-01,499
ACC94,2025-07-01,499
ACC94,2025-08-01,499
ACC94,2025-09-01,499
ACC95,2024-03-15,499
ACC95,2024-04-15,499
ACC95,2024-05-15,499
ACC95,2024-06-15,499
ACC95,2024-07-15,499
ACC95,2024-08-15,499
ACC95,2024-09-15,499
ACC95,2024-10-15,499
ACC95,2024-11-15,499
ACC95,2024-12-15,499
ACC95,2025-01-15,499
ACC95,2025-02-15,499
ACC95,2025-03-15,499
ACC95,2025-04-15,499
ACC95,2025-05-15,499
ACC95,2025-06-15,499
ACC96,2024-04-13,99
ACC96,2024-05-13,99
ACC96,2024-06-13,99
ACC96,2024-07-13,99
ACC96,2024-08-13,99
ACC96,2024-09-13,99
ACC96,2024-10-13,99
ACC96,2024-11-13,99
ACC96,2024-12-13,99
ACC96,2025-01-13,99
ACC96,2025-02-13,99
ACC96,2025-03-13,99
ACC96,2025-04-13,99
ACC96,2025-05-13,99
ACC96,2025-06-13,99
ACC96,2025-07-13,99
ACC96,2025-08-13,99
ACC97,2024-02-28,199
ACC97,2024-03-28,199
ACC97,2024-04-28,199
ACC97,2024-05-28,199
ACC97,2024-06-28,199
ACC97,2024-07-28,199
ACC98,2024-02-12,99
ACC98,2024-03-12,99
ACC98,2024-04-12,99
ACC98,2024-05-12,99
ACC98,2024-06-12,99
ACC98,2024-07-12,99
ACC98,2024-08-12,99
ACC98,2024-09-12,99
ACC98,2024-10-12,99
ACC98,2024-11-12,99
ACC98,2024-12-12,99
ACC99,2024-01-21,99
ACC99,2024-02-21,99
ACC99,2024-03-21,99
ACC99,2024-04-21,99
ACC99,2024-05-21,99
ACC99,2024-06-21,99
ACC99,2024-07-21,99
ACC99,2024-08-21,99
ACC99,2024-09-21,99
ACC99,2024-10-21,99
ACC99,2024-11-21,99
ACC99,2024-12-21,99
ACC99,2025-01-21,99
ACC99,2025-02-21,99
ACC99,2025-03-21,99
ACC99,2025-04-21,99
ACC99,2025-05-21,99
ACC100,2024-03-21,499
ACC100,2024-04-21,499
ACC100,2024-05-21,499
ACC100,2024-06-21,499
ACC100,2024-07-21,499
ACC100,2024-08-21,499
ACC100,2024-09-21,499
ACC100,2024-10-21,499
ACC100,2024-11-21,499
ACC101,2024-01-29,199
ACC101,2024-02-29,199
ACC101,2024-03-29,199
ACC101,2024-04-29,199
ACC101,2024-05-29,199
ACC101,2024-06-29,199
ACC101,2024-07-29,199
ACC102,2024-04-11,99
ACC102,2024-05-11,99
ACC102,2024-06-11,99
ACC102,2024-07-11,99
ACC102,2024-08-11,99
ACC102,2024-09-11,99
ACC103,2024-04-08,499
ACC103,2024-05-08,499
ACC103,2024-06-08,499
ACC103,2024-07-08,499
ACC103,2024-08-08,499
ACC103,2024-09-08,499
ACC103,2024-10-08,499
ACC103,2024-11-08,499
ACC103,2024-12-08,499
ACC104,2024-01-16,199
ACC104,2024-02-16,199
ACC104,2024-03-16,199
ACC104,2024-04-16,199
ACC104,2024-05-16,199
ACC104,2024-06-16,199
ACC104,2024-07-16,199
ACC104,2024-08-16,199
ACC104,2024-09-16,199
ACC104,2024-10-16,199
ACC105,2024-04-03,199
ACC105,2024-05-03,199
ACC105,2024-06-03,199
ACC105,2024-07-03,199
ACC105,2024-08-03,199
ACC105,2024-09-03,199
ACC106,2024-02-07,199
ACC106,2024-03-07,199
ACC106,2024-04-07,199
ACC106,2024-05-07,199
ACC106,2024-06-07,199
ACC106,2024-07-07,199
ACC106,2024-08-07,199
ACC107,2024-03-01,199
ACC107,2024-04-01,199
ACC107,2024-05-01,199
ACC107,2024-06-01,199
ACC107,2024-07-01,199
ACC107,2024-08-01,199
ACC107,2024-09-01,199
ACC107,2024-10-01,199
ACC108,2024-01-20,199
ACC108,2024-02-20,199
ACC108,2024-03-20,199
ACC108,2024-04-20,199
ACC108,2024-05-20,199
ACC108,2024-06-20,199
ACC108,2024-07-20,199
ACC108,2024-08-20,199
ACC109,2024-04-01,99
ACC109,2024-05-01,99
ACC109,2024-06-01,99
ACC109,2024-07-01,99
ACC109,2024-08-01,99
ACC109,2024-09-01,99
ACC109,2024-10-01,99
ACC109,2024-11-01,99
ACC110,2024-02-27,99
ACC110,2024-03-27,99
ACC110,2024-04-27,99
ACC110,2024-05-27,99
ACC110,2024-06-27,99
ACC110,2024-07-27,99
ACC110,2024-08-27,99
ACC110,2024-09-27,99
ACC110,2024-10-27,99
ACC110,2024-11-27,99
ACC110,2024-12-27,99
ACC110,2025-01-27,99
ACC110,2025-02-27,99
ACC110,2025-03-27,99
ACC110,2025-04-27,99
ACC110,2025-05-27,99
ACC110,2025-06-27,99
ACC111,2024-03-06,99
ACC111,2024-04-06,99
ACC111,2024-05-06,99
ACC111,2024-06-06,99
ACC111,2024-07-06,99
ACC111,2024-08-06,99
ACC111,2024-09-06,99
ACC111,2024-10-06,99
ACC111,2024-11-06,99
ACC111,2024-12-06,99
ACC111,2025-01-06,99
ACC111,2025-02-06,99
ACC111,2025-03-06,99
ACC111,2025-04-06,99
ACC111,2025-05-06,99
ACC111,2025-06-06,99
ACC112,2024-02-14,499
ACC112,2024-03-14,499
ACC112,2024-04-14,499
ACC112,2024-05-14,499
ACC112,2024-06-14,499
ACC112,2024-07-14,499
ACC112,2024-08-14,499
ACC112,2024-09-14,499
ACC112,2024-10-14,499
ACC112,2024-11-14,499
ACC112,2024-12-14,499
ACC112,2025-01-14,499
ACC112,2025-02-14,499
ACC112,2025-03-14,499
ACC112,2025-04-14,499
ACC112,2025-05-14,499
ACC112,2025-06-14,499
ACC112,2025-07-14,499
ACC113,2024-04-11,199
ACC113,2024-05-11,199
ACC113,2024-06-11,199
ACC113,2024-07-11,199
ACC113,2024-08-11,199
ACC113,2024-09-11,199
ACC113,2024-10-11,199
ACC113,2024-11-11,199
ACC113,2024-12-11,199
ACC113,2025-01-11,199
ACC113,2025-02-11,199
ACC113,2025-03-11,199
ACC113,2025-04-11,199
ACC113,2025-05-11,199
ACC113,2025-06-11,199
ACC113,2025-07-11,199
ACC113,2025-08-11,199
ACC114,2024-02-03,199
ACC114,2024-03-03,199
ACC114,2024-04-03,199
ACC114,2024-05-03,199
ACC114,2024-06-03,199
ACC114,2024-07-03,199
ACC114,2024-08-03,199
ACC114,2024-09-03,199
ACC114,2024-10-03,199
ACC114,2024-11-03,199
ACC114,2024-12-03,199
ACC114,2025-01-03,199
ACC114,2025-02-03,199
ACC115,2024-02-28,199
ACC115,2024-03-28,199
ACC115,2024-04-28,199
ACC115,2024-05-28,199
ACC115,2024-06-28,199
ACC115,2024-07-28,199
ACC115,2024-08-28,199
ACC115,2024-09-28,199
ACC115,2024-10-28,199
ACC115,2024-11-28,199
ACC115,2024-12-28,199
ACC115,2025-01-28,199
ACC115,2025-02-28,199
ACC116,2024-01-24,199
ACC116,2024-02-24,199
ACC116,2024-03-24,199
ACC116,2024-04-24,199
ACC116,2024-05-24,199
ACC116,2024-06-24,199
ACC116,2024-07-24,199
ACC116,2024-08-24,199
ACC116,2024-09-24,199
ACC116,2024-10-24,199
ACC116,2024-11-24,199
ACC116,2024-12-24,199
ACC116,2025-01-24,199
ACC116,2025-02-24,199
ACC116,2025-03-24,199
ACC117,2024-03-28,99
ACC117,2024-04-28,99
ACC117,2024-05-28,99
ACC117,2024-06-28,99
ACC117,2024-07-28,99
ACC117,2024-08-28,99
ACC117,2024-09-28,99
ACC118,2024-03-09,499
ACC118,2024-04-09,499
ACC118,2024-05-09,499
ACC118,2024-06-09,499
ACC118,2024-07-09,499
ACC118,2024-08-09,499
ACC118,2024-09-09,499
ACC118,2024-10-09,499
ACC118,2024-11-09,499
ACC119,2024-01-27,99
ACC119,2024-02-27,99
ACC119,2024-03-27,99
ACC119,2024-04-27,99
ACC119,2024-05-27,99
ACC119,2024-06-27,99
ACC119,2024-07-27,99
ACC119,2024-08-27,99
ACC119,2024-09-27,99
ACC120,2024-01-20,199
ACC120,2024-02-20,199
ACC120,2024-03-20,199
ACC120,2024-04-20,199
ACC120,2024-05-20,199
ACC120,2024-06-20,199
ACC120,2024-07-20,199
ACC120,2024-08-20,199
ACC120,2024-09-20,199
ACC120,2024-10-20,199
ACC120,2024-11-20,199
ACC120,2024-12-20,199
ACC120,2025-01-20,199
ACC120,2025-02-20,199
ACC120,2025-03-20,199
ACC120,2025-04-20,199
ACC120,2025-05-20,199
ACC120,2025-06-20,199
ACC120,2025-07-20,199
ACC121,2024-04-06,499
ACC121,2024-05-06,499
ACC121,2024-06-06,499
ACC121,2024-07-06,499
ACC121,2024-08-06,499
ACC121,2024-09-06,499
ACC121,2024-10-06,499
ACC121,2024-11-06,499
ACC121,2024-12-06,499
ACC121,2025-01-06,499
ACC121,2025-02-06,499
ACC121,2025-03-06,499
ACC121,2025-04-06,499
ACC121,2025-05-06,499
ACC121,2025-06-06,499
ACC121,2025-07-06,499
ACC121,2025-08-06,499
ACC121,2025-09-06,499
ACC121,2025-10-06,499
ACC122,2024-03-28,499
ACC122,2024-04-28,499
ACC122,2024-05-28,499
ACC122,2024-06-28,499
ACC122,2024-07-28,499
ACC122,2024-08-28,499
ACC122,2024-09-28,499
ACC122,2024-10-28,499
ACC122,2024-11-28,499
ACC122,2024-12-28,499
ACC122,2025-01-28,499
ACC122,2025-02-28,499
ACC122,2025-03-28,499
ACC122,2025-04-28,499
ACC122,2025-05-28,499
ACC122,2025-06-28,499
ACC122,2025-07-28,499
ACC123,2024-03-03,199
ACC123,2024-04-03,199
ACC123,2024-05-03,199
ACC123,2024-06-03,199
ACC123,2024-07-03,199
ACC123,2024-08-03,199
ACC123,2024-09-03,199
ACC123,2024-10-03,199
ACC123,2024-11-03,199
ACC123,2024-12-03,199
ACC123,2025-01-03,199
ACC123,2025-02-03,199
ACC123,2025-03-03,199
ACC123,2025-04-03,199
ACC123,2025-05-03,199
ACC124,2024-04-05,99
ACC124,2024-05-05,99
ACC124,2024-06-05,99
ACC124,2024-07-05,99
ACC124,2024-08-05,99
ACC124,2024-09-05,99
ACC124,2024-10-05,99
ACC124,2024-11-05,99
ACC124,2024-12-05,99
ACC124,2025-01-05,99
ACC124,2025-02-05,99
ACC124,2025-03-05,99
ACC124,2025-04-05,99
ACC124,2025-05-05,99
ACC124,2025-06-05,99
ACC125,2024-03-11,499
ACC125,2024-04-11,499
ACC125,2024-05-11,499
ACC125,2024-06-11,499
ACC125,2024-07-11,499
ACC125,2024-08-11,499
ACC125,2024-09-11,499
ACC125,2024-10-11,499
ACC125,2024-11-11,499
ACC125,2024-12-11,499
ACC125,2025-01-11,499
ACC125,2025-02-11,499
ACC125,2025-03-11,499
ACC125,2025-04-11,499
ACC125,2025-05-11,499
ACC125,2025-06-11,499
ACC125,2025-07-11,499
ACC125,2025-08-11,499
ACC126,2024-02-05,199
ACC126,2024-03-05,199
ACC126,2024-04-05,199
ACC126,2024-05-05,199
ACC126,2024-06-05,199
ACC126,2024-07-05,199
ACC126,2024-08-05,199
ACC126,2024-09-05,199
ACC126,2024-10-05,199
ACC126,2024-11-05,199
ACC126,2024-12-05,199
ACC126,2025-01-05,199
ACC126,2025-02-05,199
ACC126,2025-03-05,199
ACC126,2025-04-05,199
ACC127,2024-02-28,199
ACC127,2024-03-28,199
ACC127,2024-04-28,199
ACC127,2024-05-28,199
ACC127,2024-06-28,199
ACC127,2024-07-28,199
ACC127,2024-08-28,199
ACC127,2024-09-28,199
ACC127,2024-10-28,199
ACC127,2024-11-28,199
ACC128,2024-03-31,199
ACC128,2024-04-30,199
ACC128,2024-05-31,199
ACC128,2024-06-30,199
ACC128,2024-07-31,199
ACC128,2024-08-31,199
ACC128,2024-09-30,199
ACC128,2024-10-31,199
ACC128,2024-11-30,199
ACC128,2024-12-31,199
ACC128,2025-01-31,199
ACC129,2024-02-19,199
ACC129,2024-03-19,199
ACC129,2024-04-19,199
ACC129,2024-05-19,199
ACC129,2024-06-19,199
ACC129,2024-07-19,199
ACC129,2024-08-19,199
ACC129,2024-09-19,199
ACC129,2024-10-19,199
ACC129,2024-11-19,199
ACC129,2024-12-19,199
ACC129,2025-01-19,199
ACC129,2025-02-19,199
ACC130,2024-02-22,499
ACC130,2024-03-22,499
ACC130,2024-04-22,499
ACC130,2024-05-22,499
ACC130,2024-06-22,499
ACC130,2024-07-22,499
ACC130,2024-08-22,499
ACC130,2024-09-22,499
ACC131,2024-02-19,199
ACC131,2024-03-19,199
ACC131,2024-04-19,199
ACC131,2024-05-19,199
ACC131,2024-06-19,199
ACC131,2024-07-19,199
ACC131,2024-08-19,199
ACC131,2024-09-19,199
ACC131,2024-10-19,199
ACC131,2024-11-19,199
ACC131,2024-12-19,199
ACC131,2025-01-19,199
ACC131,2025-02-19,199
ACC132,2024-03-27,499
ACC132,2024-04-27,499
ACC132,2024-05-27,499
ACC132,2024-06-27,499
ACC132,2024-07-27,499
ACC132,2024-08-27,499
ACC132,2024-09-27,499
ACC132,2024-10-27,499
ACC132,2024-11-27,499
ACC132,2024-12-27,499
ACC132,2025-01-27,499
ACC132,2025-02-27,499
ACC133,2024-02-02,499
ACC133,2024-03-02,499
ACC133,2024-04-02,499
ACC133,2024-05-02,499
ACC133,2024-06-02,499
ACC133,2024-07-02,499
ACC133,2024-08-02,499
ACC133,2024-09-02,499
ACC133,2024-10-02,499
ACC133,2024-11-02,499
ACC133,2024-12-02,499
ACC133,2025-01-02,499
ACC133,2025-02-02,499
ACC133,2025-03-02,499
ACC134,2024-01-25,199
ACC134,2024-02-25,199
ACC134,2024-03-25,199
ACC134,2024-04-25,199
ACC134,2024-05-25,199
ACC134,2024-06-25,199
ACC134,2024-07-25,199
ACC134,2024-08-25,199
ACC134,2024-09-25,199
ACC134,2024-10-25,199
ACC134,2024-11-25,199
ACC134,2024-12-25,199
ACC134,2025-01-25,199
ACC134,2025-02-25,199
ACC134,2025-03-25,199
ACC134,2025-04-25,199
ACC135,2024-03-26,99
ACC135,2024-04-26,99
ACC135,2024-05-26,99
ACC135,2024-06-26,99
ACC135,2024-07-26,99
ACC135,2024-08-26,99
ACC135,2024-09-26,99
ACC135,2024-10-26,99
ACC135,2024-11-26,99
ACC135,2024-12-26,99
ACC135,2025-01-26,99
ACC135,2025-02-26,99
ACC135,2025-03-26,99
ACC135,2025-04-26,99
ACC135,2025-05-26,99
ACC136,2024-01-28,99
ACC136,2024-02-28,99
ACC136,2024-03-28,99
ACC136,2024-04-28,99
ACC136,2024-05-28,99
ACC136,2024-06-28,99
ACC137,2024-02-10,499
ACC137,2024-03-10,499
ACC137,2024-04-10,499
ACC137,2024-05-10,499
ACC137,2024-06-10,499
ACC137,2024-07-10,499
ACC138,2024-02-10,499
ACC138,2024-03-10,499
ACC138,2024-04-10,499
ACC138,2024-05-10,499
ACC138,2024-06-10,499
ACC138,2024-07-10,499
ACC138,2024-08-10,499
ACC139,2024-03-15,99
ACC139,2024-04-15,99
ACC139,2024-05-15,99
ACC139,2024-06-15,99
ACC139,2024-07-15,99
ACC139,2024-08-15,99
ACC139,2024-09-15,99
ACC139,2024-10-15,99
ACC139,2024-11-15,99
ACC139,2024-12-15,99
ACC139,2025-01-15,99
ACC139,2025-02-15,99
ACC139,2025-03-15,99
ACC139,2025-04-15,99
ACC140,2024-02-03,499
ACC140,2024-03-03,499
ACC140,2024-04-03,499
ACC140,2024-05-03,499
ACC140,2024-06-03,499
ACC140,2024-07-03,499
ACC140,2024-08-03,499
ACC140,2024-09-03,499
ACC140,2024-10-03,499
ACC140,2024-11-03,499
ACC140,2024-12-03,499
ACC140,2025-01-03,499
ACC140,2025-02-03,499
ACC140,2025-03-03,499
ACC140,2025-04-03,499
ACC140,2025-05-03,499
ACC140,2025-06-03,499
ACC141,2024-04-04,499
ACC141,2024-05-04,499
ACC141,2024-06-04,499
ACC141,2024-07-04,499
ACC141,2024-08-04,499
ACC141,2024-09-04,499
ACC141,2024-10-04,499
ACC141,2024-11-04,499
ACC141,2024-12-04,499
ACC141,2025-01-04,499
ACC142,2024-02-04,499
ACC142,2024-03-04,499
ACC142,2024-04-04,499
ACC142,2024-05-04,499
ACC142,2024-06-04,499
ACC142,2024-07-04,499
ACC142,2024-08-04,499
ACC142,2024-09-04,499
ACC142,2024-10-04,499
ACC142,2024-11-04,499
ACC143,2024-03-01,499
ACC143,2024-04-01,499
ACC143,2024-05-01,499
ACC143,2024-06-01,499
ACC143,2024-07-01,499
ACC143,2024-08-01,499
ACC143,2024-09-01,499
ACC143,2024-10-01,499
ACC143,2024-11-01,499
ACC143,2024-12-01,499
ACC143,2025-01-01,499
ACC143,2025-02-01,499
ACC143,2025-03-01,499
ACC143,2025-04-01,499
ACC143,2025-05-01,499
ACC143,2025-06-01,499
ACC143,2025-07-01,499
ACC143,2025-08-01,499
ACC143,2025-09-01,499
ACC144,2024-02-04,99
ACC144,2024-03-04,99
ACC144,2024-04-04,99
ACC144,2024-05-04,99
ACC144,2024-06-04,99
ACC144,2024-07-04,99
ACC144,2024-08-04,99
ACC144,2024-09-04,99
ACC144,2024-10-04,99
ACC144,2024-11-04,99
ACC144,2024-12-04,99
ACC144,2025-01-04,99
ACC144,2025-02-04,99
ACC144,2025-03-04,99
ACC144,2025-04-04,99
ACC144,2025-05-04,99
ACC144,2025-06-04,99
ACC144,2025-07-04,99
ACC145,2024-01-27,99
ACC145,2024-02-27,99
ACC145,2024-03-27,99
ACC145,2024-04-27,99
ACC145,2024-05-27,99
ACC145,2024-06-27,99
ACC145,2024-07-27,99
ACC145,2024-08-27,99
ACC145,2024-09-27,99
ACC145,2024-10-27,99
ACC145,2024-11-27,99
ACC145,2024-12-27,99
ACC145,2025-01-27,99
ACC145,2025-02-27,99
ACC145,2025-03-27,99
ACC146,2024-04-10,99
ACC146,2024-05-10,99
ACC146,2024-06-10,99
ACC146,2024-07-10,99
ACC146,2024-08-10,99
ACC146,2024-09-10,99
ACC146,2024-10-10,99
ACC146,2024-11-10,99
ACC146,2024-12-10,99
ACC146,2025-01-10,99
ACC146,2025-02-10,99
ACC146,2025-03-10,99
ACC146,2025-04-10,99
ACC146,2025-05-10,99
ACC146,2025-06-10,99
ACC146,2025-07-10,99
ACC146,2025-08-10,99
ACC147,2024-03-14,99
ACC147,2024-04-14,99
ACC147,2024-05-14,99
ACC147,2024-06-14,99
ACC147,2024-07-14,99
ACC147,2024-08-14,99
ACC147,2024-09-14,99
ACC148,2024-01-26,499
ACC148,2024-02-26,499
ACC148,2024-03-26,499
ACC148,2024-04-26,499
ACC148,2024-05-26,499
ACC148,2024-06-26,499
ACC148,2024-07-26,499
ACC148,2024-08-26,499
ACC148,2024-09-26,499
ACC148,2024-10-26,499
ACC148,2024-11-26,499
ACC148,2024-12-26,499
ACC148,2025-01-26,499
ACC148,2025-02-26,499
ACC148,2025-03-26,499
ACC148,2025-04-26,499
ACC148,2025-05-26,499
ACC148,2025-06-26,499
ACC149,2024-03-03,199
ACC149,2024-04-03,199
ACC149,2024-05-03,199
ACC149,2024-06-03,199
ACC149,2024-07-03,199
ACC149,2024-08-03,199
ACC150,2024-03-13,99
ACC150,2024-04-13,99
ACC150,2024-05-13,99
ACC150,2024-06-13,99
ACC150,2024-07-13,99
ACC150,2024-08-13,99
ACC150,2024-09-13,99
ACC150,2024-10-13,99
ACC150,2024-11-13,99
ACC150,2024-12-13,99
ACC150,2025-01-13,99
ACC150,2025-02-13,99
ACC150,2025-03-13,99
ACC150,2025-04-13,99
ACC150,2025-05-13,99
ACC151,2024-02-28,199
ACC151,2024-03-28,199
ACC151,2024-04-28,199
ACC151,2024-05-28,199
ACC151,2024-06-28,199
ACC151,2024-07-28,199
ACC151,2024-08-28,199
ACC151,2024-09-28,199
ACC151,2024-10-28,199
ACC151,2024-11-28,199
ACC151,2024-12-28,199
ACC151,2025-01-28,199
ACC151,2025-02-28,199
ACC151,2025-03-28,199
ACC151,2025-04-28,199
ACC151,2025-05-28,199
ACC152,2024-02-08,99
ACC152,2024-03-08,99
ACC152,2024-04-08,99
ACC152,2024-05-08,99
ACC152,2024-06-08,99
ACC152,2024-07-08,99
ACC152,2024-08-08,99
ACC153,2024-03-18,499
ACC153,2024-04-18,499
ACC153,2024-05-18,499
ACC153,2024-06-18,499
ACC153,2024-07-18,499
ACC153,2024-08-18,499
ACC153,2024-09-18,499
ACC153,2024-10-18,499
ACC153,2024-11-18,499
ACC153,2024-12-18,499
ACC153,2025-01-18,499
ACC153,2025-02-18,499
ACC153,2025-03-18,499
ACC153,2025-04-18,499
ACC153,2025-05-18,499
ACC154,2024-03-24,499
ACC154,2024-04-24,499
ACC154,2024-05-24,499
ACC154,2024-06-24,499
ACC154,2024-07-24,499
ACC154,2024-08-24,499
ACC154,2024-09-24,499
ACC154,2024-10-24,499
ACC154,2024-11-24,499
ACC154,2024-12-24,499
ACC154,2025-01-24,499
ACC154,2025-02-24,499
ACC154,2025-03-24,499
ACC154,2025-04-24,499
ACC154,2025-05-24,499
ACC154,2025-06-24,499
ACC154,2025-07-24,499
ACC154,2025-08-24,499
ACC154,2025-09-24,499
ACC155,2024-02-19,499
ACC155,2024-03-19,499
ACC155,2024-04-19,499
ACC155,2024-05-19,499
ACC155,2024-06-19,499
ACC155,2024-07-19,499
ACC155,2024-08-19,499
ACC156,2024-02-11,99
ACC156,2024-03-11,99
ACC156,2024-04-11,99
ACC156,2024-05-11,99
ACC156,2024-06-11,99
ACC156,2024-07-11,99
ACC156,2024-08-11,99
ACC156,2024-09-11,99
ACC156,2024-10-11,99
ACC156,2024-11-11,99
ACC156,2024-12-11,99
ACC156,2025-01-11,99
ACC156,2025-02-11,99
ACC157,2024-03-28,499
ACC157,2024-04-28,499
ACC157,2024-05-28,499
ACC157,2024-06-28,499
ACC157,2024-07-28,499
ACC157,2024-08-28,499
ACC157,2024-09-28,499
ACC157,2024-10-28,499
ACC157,2024-11-28,499
ACC157,2024-12-28,499
ACC157,2025-01-28,499
ACC157,2025-02-28,499
ACC158,2024-02-16,199
ACC158,2024-03-16,199
ACC158,2024-04-16,199
ACC158,2024-05-16,199
ACC158,2024-06-16,199
ACC158,2024-07-16,199
ACC158,2024-08-16,199
ACC158,2024-09-16,199
ACC158,2024-10-16,199
ACC158,2024-11-16,199
ACC158,2024-12-16,199
ACC158,2025-01-16,199
ACC158,2025-02-16,199
ACC158,2025-03-16,199
ACC158,2025-04-16,199
ACC159,2024-02-12,99
ACC159,2024-03-12,99
ACC159,2024-04-12,99
ACC159,2024-05-12,99
ACC159,2024-06-12,99
ACC159,2024-07-12,99
ACC159,2024-08-12,99
ACC159,2024-09-12,99
ACC159,2024-10-12,99
ACC159,2024-11-12,99
ACC159,2024-12-12,99
ACC159,2025-01-12,99
ACC159,2025-02-12,99
ACC159,2025-03-12,99
ACC159,2025-04-12,99
ACC159,2025-05-12,99
ACC159,2025-06-12,99
ACC160,2024-03-28,99
ACC160,2024-04-28,99
ACC160,2024-05-28,99
ACC160,2024-06-28,99
ACC160,2024-07-28,99
ACC160,2024-08-28,99
ACC160,2024-09-28,99
ACC160,2024-10-28,99
ACC160,2024-11-28,99
ACC160,2024-12-28,99
ACC160,2025-01-28,99
ACC160,2025-02-28,99
ACC160,2025-03-28,99
ACC160,2025-04-28,99
ACC160,2025-05-28,99
ACC160,2025-06-28,99
ACC160,2025-07-28,99
ACC160,2025-08-28,99
ACC161,2024-04-13,499
ACC161,2024-05-13,499
ACC161,2024-06-13,499
ACC161,2024-07-13,499
ACC161,2024-08-13,499
ACC161,2024-09-13,499
ACC161,2024-10-13,499
ACC161,2024-11-13,499
ACC161,2024-12-13,499
ACC161,2025-01-13,499
ACC161,2025-02-13,499
ACC161,2025-03-13,499
ACC161,2025-04-13,499
ACC161,2025-05-13,499
ACC161,2025-06-13,499
ACC161,2025-07-13,499
ACC162,2024-02-14,99
ACC162,2024-03-14,99
ACC162,2024-04-14,99
ACC162,2024-05-14,99
ACC162,2024-06-14,99
ACC162,2024-07-14,99
ACC162,2024-08-14,99
ACC162,2024-09-14,99
ACC163,2024-03-17,499
ACC163,2024-04-17,499
ACC163,2024-05-17,499
ACC163,2024-06-17,499
ACC163,2024-07-17,499
ACC163,2024-08-17,499
ACC163,2024-09-17,499
ACC163,2024-10-17,499
ACC163,2024-11-17,499
ACC164,2024-03-13,99
ACC164,2024-04-13,99
ACC164,2024-05-13,99
ACC164,2024-06-13,99
ACC164,2024-07-13,99
ACC164,2024-08-13,99
ACC164,2024-09-13,99
ACC164,2024-10-13,99
ACC164,2024-11-13,99
ACC165,2024-03-07,199
ACC165,2024-04-07,199
ACC165,2024-05-07,199
ACC165,2024-06-07,199
ACC165,2024-07-07,199
ACC165,2024-08-07,199
ACC165,2024-09-07,199
ACC165,2024-10-07,199
ACC165,2024-11-07,199
ACC165,2024-12-07,199
ACC165,2025-01-07,199
ACC165,2025-02-07,199
ACC165,2025-03-07,199
ACC166,2024-02-06,499
ACC166,2024-03-06,499
ACC166,2024-04-06,499
ACC166,2024-05-06,499
ACC166,2024-06-06,499
ACC166,2024-07-06,499
ACC166,2024-08-06,499
ACC166,2024-09-06,499
ACC166,2024-10-06,499
ACC166,2024-11-06,499
ACC167,2024-03-14,199
ACC167,2024-04-14,199
ACC167,2024-05-14,199
ACC167,2024-06-14,199
ACC167,2024-07-14,199
ACC167,2024-08-14,199
ACC168,2024-03-04,99
ACC168,2024-04-04,99
ACC168,2024-05-04,99
ACC168,2024-06-04,99
ACC168,2024-07-04,99
ACC168,2024-08-04,99
ACC168,2024-09-04,99
ACC168,2024-10-04,99
ACC168,2024-11-04,99
ACC169,2024-01-16,499
ACC169,2024-02-16,499
ACC169,2024-03-16,499
ACC169,2024-04-16,499
ACC169,2024-05-16,499
ACC169,2024-06-16,499
ACC169,2024-07-16,499
ACC169,2024-08-16,499
ACC169,2024-09-16,499
ACC169,2024-10-16,499
ACC169,2024-11-16,499
ACC169,2024-12-16,499
ACC169,2025-01-16,499
ACC169,2025-02-16,499
ACC169,2025-03-16,499
ACC169,2025-04-16,499
ACC170,2024-02-04,199
ACC170,2024-03-04,199
ACC170,2024-04-04,199
ACC170,2024-05-04,199
ACC170,2024-06-04,199
ACC170,2024-07-04,199
ACC170,2024-08-04,199
ACC170,2024-09-04,199
ACC170,2024-10-04,199
ACC170,2024-11-04,199
ACC171,2024-04-09,99
ACC171,2024-05-09,99
ACC171,2024-06-09,99
ACC171,2024-07-09,99
ACC171,2024-08-09,99
ACC171,2024-09-09,99
ACC171,2024-10-09,99
ACC171,2024-11-09,99
ACC171,2024-12-09,99
ACC171,2025-01-09,99
ACC171,2025-02-09,99
ACC171,2025-03-09,99
ACC171,2025-04-09,99
ACC172,2024-03-05,199
ACC172,2024-04-05,199
ACC172,2024-05-05,199
ACC172,2024-06-05,199
ACC172,2024-07-05,199
ACC172,2024-08-05,199
ACC172,2024-09-05,199
ACC172,2024-10-05,199
ACC172,2024-11-05,199
ACC172,2024-12-05,199
ACC172,2025-01-05,199
ACC172,2025-02-05,199
ACC172,2025-03-05,199
ACC172,2025-04-05,199
ACC172,2025-05-05,199
ACC172,2025-06-05,199
ACC172,2025-07-05,199
ACC172,2025-08-05,199
ACC172,2025-09-05,199
ACC173,2024-03-17,99
ACC173,2024-04-17,99
ACC173,2024-05-17,99
ACC173,2024-06-17,99
ACC173,2024-07-17,99
ACC173,2024-08-17,99
ACC173,2024-09-17,99
ACC173,2024-10-17,99
ACC173,2024-11-17,99
ACC174,2024-04-07,199
ACC174,2024-05-07,199
ACC174,2024-06-07,199
ACC174,2024-07-07,199
ACC174,2024-08-07,199
ACC174,2024-09-07,199
ACC175,2024-03-16,199
ACC175,2024-04-16,199
ACC175,2024-05-16,199
ACC175,2024-06-16,199
ACC175,2024-07-16,199
ACC175,2024-08-16,199
ACC175,2024-09-16,199
ACC175,2024-10-16,199
ACC175,2024-11-16,199
ACC175,2024-12-16,199
ACC175,2025-01-16,199
ACC176,2024-02-21,199
ACC176,2024-03-21,199
ACC176,2024-04-21,199
ACC176,2024-05-21,199
ACC176,2024-06-21,199
ACC176,2024-07-21,199
ACC176,2024-08-21,199
ACC176,2024-09-21,199
ACC176,2024-10-21,199
ACC176,2024-11-21,199
ACC176,2024-12-21,199
ACC176,2025-01-21,199
ACC176,2025-02-21,199
ACC176,2025-03-21,199
ACC176,2025-04-21,199
ACC176,2025-05-21,199
ACC176,2025-06-21,199
ACC176,2025-07-21,199
ACC177,2024-01-16,499
ACC177,2024-02-16,499
ACC177,2024-03-16,499
ACC177,2024-04-16,499
ACC177,2024-05-16,499
ACC177,2024-06-16,499
ACC177,2024-07-16,499
ACC177,2024-08-16,499
ACC177,2024-09-16,499
ACC177,2024-10-16,499
ACC177,2024-11-16,499
ACC178,2024-02-21,199
ACC178,2024-03-21,199
ACC178,2024-04-21,199
ACC178,2024-05-21,199
ACC178,2024-06-21,199
ACC178,2024-07-21,199
ACC178,2024-08-21,199
ACC178,2024-09-21,199
ACC178,2024-10-21,199
ACC178,2024-11-21,199
ACC178,2024-12-21,199
ACC178,2025-01-21,199
ACC178,2025-02-21,199
ACC178,2025-03-21,199
ACC178,2025-04-21,199
ACC178,2025-05-21,199
ACC179,2024-03-22,99
ACC179,2024-04-22,99
ACC179,2024-05-22,99
ACC179,2024-06-22,99
ACC179,2024-07-22,99
ACC179,2024-08-22,99
ACC179,2024-09-22,99
ACC179,2024-10-22,99
ACC179,2024-11-22,99
ACC179,2024-12-22,99
ACC179,2025-01-22,99
ACC179,2025-02-22,99
ACC179,2025-03-22,99
ACC179,2025-04-22,99
ACC179,2025-05-22,99
ACC179,2025-06-22,99
ACC180,2024-02-02,499
ACC180,2024-03-02,499
ACC180,2024-04-02,499
ACC180,2024-05-02,499
ACC180,2024-06-02,499
ACC180,2024-07-02,499
ACC180,2024-08-02,499
ACC180,2024-09-02,499
ACC180,2024-10-02,499
ACC180,2024-11-02,499
ACC180,2024-12-02,499
ACC180,2025-01-02,499
ACC180,2025-02-02,499
ACC180,2025-03-02,499
ACC180,2025-04-02,499
ACC180,2025-05-02,499
ACC181,2024-03-18,499
ACC181,2024-04-18,499
ACC181,2024-05-18,499
ACC181,2024-06-18,499
ACC181,2024-07-18,499
ACC181,2024-08-18,499
ACC181,2024-09-18,499
ACC181,2024-10-18,499
ACC181,2024-11-18,499
ACC181,2024-12-18,499
ACC181,2025-01-18,499
ACC181,2025-02-18,499
ACC182,2024-03-06,499
ACC182,2024-04-06,499
ACC182,2024-05-06,499
ACC182,2024-06-06,499
ACC182,2024-07-06,499
ACC182,2024-08-06,499
ACC182,2024-09-06,499
ACC182,2024-10-06,499
ACC182,2024-11-06,499
ACC182,2024-12-06,499
ACC183,2024-02-28,99
ACC183,2024-03-28,99
ACC183,2024-04-28,99
ACC183,2024-05-28,99
ACC183,2024-06-28,99
ACC183,2024-07-28,99
ACC183,2024-08-28,99
ACC183,2024-09-28,99
ACC183,2024-10-28,99
ACC183,2024-11-28,99
ACC183,2024-12-28,99
ACC183,2025-01-28,99
ACC184,2024-03-07,199
ACC184,2024-04-07,199
ACC184,2024-05-07,199
ACC184,2024-06-07,199
ACC184,2024-07-07,199
ACC184,2024-08-07,199
ACC184,2024-09-07,199
ACC184,2024-10-07,199
ACC184,2024-11-07,199
ACC184,2024-12-07,199
ACC184,2025-01-07,199
ACC184,2025-02-07,199
ACC184,2025-03-07,199
ACC184,2025-04-07,199
ACC184,2025-05-07,199
ACC185,2024-04-01,499
ACC185,2024-05-01,499
ACC185,2024-06-01,499
ACC185,2024-07-01,499
ACC185,2024-08-01,499
ACC185,2024-09-01,499
ACC185,2024-10-01,499
ACC185,2024-11-01,499
ACC185,2024-12-01,499
ACC186,2024-02-01,99
ACC186,2024-03-01,99
ACC186,2024-04-01,99
ACC186,2024-05-01,99
ACC186,2024-06-01,99
ACC186,2024-07-01,99
ACC186,2024-08-01,99
ACC186,2024-09-01,99
ACC186,2024-10-01,99
ACC186,2024-11-01,99
ACC186,2024-12-01,99
ACC186,2025-01-01,99
ACC186,2025-02-01,99
ACC186,2025-03-01,99
ACC186,2025-04-01,99
ACC186,2025-05-01,99
ACC187,2024-01-17,99
ACC187,2024-02-17,99
ACC187,2024-03-17,99
ACC187,2024-04-17,99
ACC187,2024-05-17,99
ACC187,2024-06-17,99
ACC187,2024-07-17,99
ACC187,2024-08-17,99
ACC187,2024-09-17,99
ACC188,2024-04-08,99
ACC188,2024-05-08,99
ACC188,2024-06-08,99
ACC188,2024-07-08,99
ACC188,2024-08-08,99
ACC188,2024-09-08,99
ACC188,2024-10-08,99
ACC188,2024-11-08,99
ACC188,2024-12-08,99
ACC188,2025-01-08,99
ACC188,2025-02-08,99
ACC188,2025-03-08,99
ACC188,2025-04-08,99
ACC188,2025-05-08,99
ACC188,2025-06-08,99
ACC188,2025-07-08,99
ACC188,2025-08-08,99
ACC189,2024-03-22,499
ACC189,2024-04-22,499
ACC189,2024-05-22,499
ACC189,2024-06-22,499
ACC189,2024-07-22,499
ACC189,2024-08-22,499
ACC189,2024-09-22,499
ACC189,2024-10-22,499
ACC190,2024-04-04,99
ACC190,2024-05-04,99
ACC190,2024-06-04,99
ACC190,2024-07-04,99
ACC190,2024-08-04,99
ACC190,2024-09-04,99
ACC190,2024-10-04,99
ACC190,2024-11-04,99
ACC190,2024-12-04,99
ACC190,2025-01-04,99
ACC190,2025-02-04,99
ACC190,2025-03-04,99
ACC190,2025-04-04,99
ACC190,2025-05-04,99
ACC190,2025-06-04,99
ACC190,2025-07-04,99
ACC191,2024-03-17,199
ACC191,2024-04-17,199
ACC191,2024-05-17,199
ACC191,2024-06-17,199
ACC191,2024-07-17,199
ACC191,2024-08-17,199
ACC191,2024-09-17,199
ACC191,2024-10-17,199
ACC191,2024-11-17,199
ACC191,2024-12-17,199
ACC191,2025-01-17,199
ACC191,2025-02-17,199
ACC191,2025-03-17,199
ACC191,2025-04-17,199
ACC191,2025-05-17,199
ACC191,2025-06-17,199
ACC191,2025-07-17,199
ACC191,2025-08-17,199
ACC192,2024-01-26,499
ACC192,2024-02-26,499
ACC192,2024-03-26,499
ACC192,2024-04-26,499
ACC192,2024-05-26,499
ACC192,2024-06-26,499
ACC192,2024-07-26,499
ACC192,2024-08-26,499
ACC192,2024-09-26,499
ACC192,2024-10-26,499
ACC192,2024-11-26,499
ACC192,2024-12-26,499
ACC192,2025-01-26,499
ACC192,2025-02-26,499
ACC192,2025-03-26,499
ACC192,2025-04-26,499
ACC192,2025-05-26,499
ACC192,2025-06-26,499
ACC193,2024-03-12,199
ACC193,2024-04-12,199
ACC193,2024-05-12,199
ACC193,2024-06-12,199
ACC193,2024-07-12,199
ACC193,2024-08-12,199
ACC193,2024-09-12,199
ACC193,2024-10-12,199
ACC193,2024-11-12,199
ACC193,2024-12-12,199
ACC193,2025-01-12,199
ACC193,2025-02-12,199
ACC193,2025-03-12,199
ACC193,2025-04-12,199
ACC193,2025-05-12,199
ACC193,2025-06-12,199
ACC194,2024-02-07,99
ACC194,2024-03-07,99
ACC194,2024-04-07,99
ACC194,2024-05-07,99
ACC194,2024-06-07,99
ACC194,2024-07-07,99
ACC194,2024-08-07,99
ACC194,2024-09-07,99
ACC194,2024-10-07,99
ACC194,2024-11-07,99
ACC194,2024-12-07,99
ACC194,2025-01-07,99
ACC194,2025-02-07,99
ACC194,2025-03-07,99
ACC194,2025-04-07,99
ACC194,2025-05-07,99
ACC194,2025-06-07,99
ACC194,2025-07-07,99
ACC194,2025-08-07,99
ACC195,2024-04-10,99
ACC195,2024-05-10,99
ACC195,2024-06-10,99
ACC195,2024-07-10,99
ACC195,2024-08-10,99
ACC195,2024-09-10,99
ACC195,2024-10-10,99
ACC195,2024-11-10,99
ACC195,2024-12-10,99
ACC195,2025-01-10,99
ACC195,2025-02-10,99
ACC196,2024-03-26,499
ACC196,2024-04-26,499
ACC196,2024-05-26,499
ACC196,2024-06-26,499
ACC196,2024-07-26,499
ACC196,2024-08-26,499
ACC196,2024-09-26,499
ACC196,2024-10-26,499
ACC197,2024-02-29,499
ACC197,2024-03-29,499
ACC197,2024-04-29,499
ACC197,2024-05-29,499
ACC197,2024-06-29,499
ACC197,2024-07-29,499
ACC197,2024-08-29,499
ACC197,2024-09-29,499
ACC197,2024-10-29,499
ACC197,2024-11-29,499
ACC197,2024-12-29,499
ACC198,2024-02-08,99
ACC198,2024-03-08,99
ACC198,2024-04-08,99
ACC198,2024-05-08,99
ACC198,2024-06-08,99
ACC198,2024-07-08,99
ACC198,2024-08-08,99
ACC198,2024-09-08,99
ACC198,2024-10-08,99
ACC198,2024-11-08,99
ACC198,2024-12-08,99
ACC198,2025-01-08,99
ACC198,2025-02-08,99
ACC198,2025-03-08,99
ACC198,2025-04-08,99
ACC199,2024-04-11,99
ACC199,2024-05-11,99
ACC199,2024-06-11,99
ACC199,2024-07-11,99
ACC199,2024-08-11,99
ACC199,2024-09-11,99
ACC199,2024-10-11,99
ACC199,2024-11-11,99
ACC199,2024-12-11,99
ACC199,2025-01-11,99
ACC199,2025-02-11,99
ACC199,2025-03-11,99
ACC199,2025-04-11,99
ACC199,2025-05-11,99
ACC199,2025-06-11,99
ACC200,2024-02-15,499
ACC200,2024-03-15,499
ACC200,2024-04-15,499
ACC200,2024-05-15,499
ACC200,2024-06-15,499
ACC200,2024-07-15,499
ACC200,2024-08-15,499
ACC200,2024-09-15,499
ACC200,2024-10-15,499
ACC200,2024-11-15,499
ACC200,2024-12-15,499
ACC200,2025-01-15,499
ACC201,2024-03-05,199
ACC201,2024-04-05,199
ACC201,2024-05-05,199
ACC201,2024-06-05,199
ACC201,2024-07-05,199
ACC201,2024-08-05,199
ACC201,2024-09-05,199
ACC201,2024-10-05,199
ACC201,2024-11-05,199
ACC201,2024-12-05,199
ACC202,2024-02-23,199
ACC202,2024-03-23,199
ACC202,2024-04-23,199
ACC202,2024-05-23,199
ACC202,2024-06-23,199
ACC202,2024-07-23,199
ACC202,2024-08-23,199
ACC202,2024-09-23,199
ACC202,2024-10-23,199
ACC202,2024-11-23,199
ACC202,2024-12-23,199
ACC202,2025-01-23,199
ACC202,2025-02-23,199
ACC203,2024-03-11,199
ACC203,2024-04-11,199
ACC203,2024-05-11,199
ACC203,2024-06-11,199
ACC203,2024-07-11,199
ACC203,2024-08-11,199
ACC203,2024-09-11,199
ACC203,2024-10-11,199
ACC203,2024-11-11,199
ACC203,2024-12-11,199
ACC204,2024-02-05,99
ACC204,2024-03-05,99
ACC204,2024-04-05,99
ACC204,2024-05-05,99
ACC204,2024-06-05,99
ACC204,2024-07-05,99
ACC204,2024-08-05,99
ACC204,2024-09-05,99
ACC204,2024-10-05,99
ACC204,2024-11-05,99
ACC204,2024-12-05,99
ACC204,2025-01-05,99
ACC205,2024-04-02,499
ACC205,2024-05-02,499
ACC205,2024-06-02,499
ACC205,2024-07-02,499
ACC205,2024-08-02,499
ACC205,2024-09-02,499
ACC205,2024-10-02,499
ACC205,2024-11-02,499
ACC205,2024-12-02,499
ACC205,2025-01-02,499
ACC206,2024-02-27,499
ACC206,2024-03-27,499
ACC206,2024-04-27,499
ACC206,2024-05-27,499
ACC206,2024-06-27,499
ACC206,2024-07-27,499
ACC206,2024-08-27,499
ACC206,2024-09-27,499
ACC207,2024-04-02,99
ACC207,2024-05-02,99
ACC207,2024-06-02,99
ACC207,2024-07-02,99
ACC207,2024-08-02,99
ACC207,2024-09-02,99
ACC207,2024-10-02,99
ACC207,2024-11-02,99
ACC207,2024-12-02,99
ACC207,2025-01-02,99
ACC207,2025-02-02,99
ACC207,2025-03-02,99
ACC207,2025-04-02,99
ACC207,2025-05-02,99
ACC207,2025-06-02,99
ACC207,2025-07-02,99
ACC207,2025-08-02,99
ACC207,2025-09-02,99
ACC208,2024-04-08,99
ACC208,2024-05-08,99
ACC208,2024-06-08,99
ACC208,2024-07-08,99
ACC208,2024-08-08,99
ACC208,2024-09-08,99
ACC208,2024-10-08,99
ACC208,2024-11-08,99
ACC208,2024-12-08,99
ACC208,2025-01-08,99
ACC209,2024-03-07,199
ACC209,2024-04-07,199
ACC209,2024-05-07,199
ACC209,2024-06-07,199
ACC209,2024-07-07,199
ACC209,2024-08-07,199
ACC209,2024-09-07,199
ACC209,2024-10-07,199
ACC209,2024-11-07,199
ACC209,2024-12-07,199
ACC209,2025-01-07,199
ACC209,2025-02-07,199
ACC209,2025-03-07,199
ACC209,2025-04-07,199
ACC209,2025-05-07,199
ACC209,2025-06-07,199
ACC210,2024-02-03,99
ACC210,2024-03-03,99
ACC210,2024-04-03,99
ACC210,2024-05-03,99
ACC210,2024-06-03,99
ACC210,2024-07-03,99
ACC210,2024-08-03,99
ACC210,2024-09-03,99
ACC210,2024-10-03,99
ACC210,2024-11-03,99
ACC210,2024-12-03,99
ACC210,2025-01-03,99
ACC210,2025-02-03,99
ACC210,2025-03-03,99
ACC210,2025-04-03,99
ACC210,2025-05-03,99
ACC211,2024-03-11,499
ACC211,2024-04-11,499
ACC211,2024-05-11,499
ACC211,2024-06-11,499
ACC211,2024-07-11,499
ACC211,2024-08-11,499
ACC211,2024-09-11,499
ACC211,2024-10-11,499
ACC211,2024-11-11,499
ACC211,2024-12-11,499
ACC211,2025-01-11,499
ACC211,2025-02-11,499
ACC211,2025-03-11,499
ACC211,2025-04-11,499
ACC211,2025-05-11,499
ACC211,2025-06-11,499
ACC211,2025-07-11,499
ACC211,2025-08-11,499
ACC212,2024-03-29,499
ACC212,2024-04-29,499
ACC212,2024-05-29,499
ACC212,2024-06-29,499
ACC212,2024-07-29,499
ACC212,2024-08-29,499
ACC212,2024-09-29,499
ACC212,2024-10-29,499
ACC212,2024-11-29,499
ACC212,2024-12-29,499
ACC212,2025-01-29,499
ACC212,2025-02-28,499
ACC212,2025-03-29,499
ACC212,2025-04-29,499
ACC212,2025-05-29,499
ACC212,2025-06-29,499
ACC212,2025-07-29,499
ACC212,2025-08-29,499
ACC213,2024-04-13,99
ACC213,2024-05-13,99
ACC213,2024-06-13,99
ACC213,2024-07-13,99
ACC213,2024-08-13,99
ACC213,2024-09-13,99
ACC213,2024-10-13,99
ACC213,2024-11-13,99
ACC213,2024-12-13,99
ACC213,2025-01-13,99
ACC213,2025-02-13,99
ACC213,2025-03-13,99
ACC213,2025-04-13,99
ACC213,2025-05-13,99
ACC213,2025-06-13,99
ACC213,2025-07-13,99
ACC213,2025-08-13,99
ACC214,2024-03-01,99
ACC214,2024-04-01,99
ACC214,2024-05-01,99
ACC214,2024-06-01,99
ACC214,2024-07-01,99
ACC214,2024-08-01,99
ACC214,2024-09-01,99
ACC214,2024-10-01,99
ACC214,2024-11-01,99
ACC215,2024-03-05,499
ACC215,2024-04-05,499
ACC215,2024-05-05,499
ACC215,2024-06-05,499
ACC215,2024-07-05,499
ACC215,2024-08-05,499
ACC215,2024-09-05,499
ACC215,2024-10-05,499
ACC215,2024-11-05,499
ACC215,2024-12-05,499
ACC215,2025-01-05,499
ACC216,2024-02-27,499
ACC216,2024-03-27,499
ACC216,2024-04-27,499
ACC216,2024-05-27,499
ACC216,2024-06-27,499
ACC216,2024-07-27,499
ACC216,2024-08-27,499
ACC216,2024-09-27,499
ACC216,2024-10-27,499
ACC216,2024-11-27,499
ACC216,2024-12-27,499
ACC216,2025-01-27,499
ACC216,2025-02-27,499
ACC216,2025-03-27,499
ACC216,2025-04-27,499
ACC217,2024-03-23,499
ACC217,2024-04-23,499
ACC217,2024-05-23,499
ACC217,2024-06-23,499
ACC217,2024-07-23,499
ACC217,2024-08-23,499
ACC217,2024-09-23,499
ACC217,2024-10-23,499
ACC217,2024-11-23,499
ACC217,2024-12-23,499
ACC217,2025-01-23,499
ACC217,2025-02-23,499
ACC217,2025-03-23,499
ACC217,2025-04-23,499
ACC217,2025-05-23,499
ACC217,2025-06-23,499
ACC218,2024-02-04,499
ACC218,2024-03-04,499
ACC218,2024-04-04,499
ACC218,2024-05-04,499
ACC218,2024-06-04,499
ACC218,2024-07-04,499
ACC218,2024-08-04,499
ACC218,2024-09-04,499
ACC218,2024-10-04,499
ACC218,2024-11-04,499
ACC218,2024-12-04,499
ACC218,2025-01-04,499
ACC218,2025-02-04,499
ACC218,2025-03-04,499
ACC218,2025-04-04,499
ACC218,2025-05-04,499
ACC218,2025-06-04,499
ACC219,2024-03-04,199
ACC219,2024-04-04,199
ACC219,2024-05-04,199
ACC219,2024-06-04,199
ACC219,2024-07-04,199
ACC219,2024-08-04,199
ACC219,2024-09-04,199
ACC219,2024-10-04,199
ACC219,2024-11-04,199
ACC219,2024-12-04,199
ACC219,2025-01-04,199
ACC219,2025-02-04,199
ACC219,2025-03-04,199
ACC219,2025-04-04,199
ACC219,2025-05-04,199
ACC219,2025-06-04,199
ACC219,2025-07-04,199
ACC220,2024-02-17,199
ACC220,2024-03-17,199
ACC220,2024-04-17,199
ACC220,2024-05-17,199
ACC220,2024-06-17,199
ACC220,2024-07-17,199
ACC220,2024-08-17,199
ACC220,2024-09-17,199
ACC220,2024-10-17,199
ACC220,2024-11-17,199
ACC220,2024-12-17,199
ACC220,2025-01-17,199
ACC220,2025-02-17,199
ACC220,2025-03-17,199
ACC221,2024-03-14,99
ACC221,2024-04-14,99
ACC221,2024-05-14,99
ACC221,2024-06-14,99
ACC221,2024-07-14,99
ACC221,2024-08-14,99
ACC221,2024-09-14,99
ACC222,2024-03-10,499
ACC222,2024-04-10,499
ACC222,2024-05-10,499
ACC222,2024-06-10,499
ACC222,2024-07-10,499
ACC222,2024-08-10,499
ACC222,2024-09-10,499
ACC222,2024-10-10,499
ACC222,2024-11-10,499
ACC222,2024-12-10,499
ACC222,2025-01-10,499
ACC222,2025-02-10,499
ACC222,2025-03-10,499
ACC222,2025-04-10,499
ACC222,2025-05-10,499
ACC222,2025-06-10,499
ACC223,2024-03-27,99
ACC223,2024-04-27,99
ACC223,2024-05-27,99
ACC223,2024-06-27,99
ACC223,2024-07-27,99
ACC223,2024-08-27,99
ACC223,2024-09-27,99
ACC223,2024-10-27,99
ACC223,2024-11-27,99
ACC223,2024-12-27,99
ACC224,2024-04-01,199
ACC224,2024-05-01,199
ACC224,2024-06-01,199
ACC224,2024-07-01,199
ACC224,2024-08-01,199
ACC224,2024-09-01,199
ACC224,2024-10-01,199
ACC224,2024-11-01,199
ACC224,2024-12-01,199
ACC224,2025-01-01,199
ACC224,2025-02-01,199
ACC224,2025-03-01,199
ACC224,2025-04-01,199
ACC225,2024-03-07,199
ACC225,2024-04-07,199
ACC225,2024-05-07,199
ACC225,2024-06-07,199
ACC225,2024-07-07,199
ACC225,2024-08-07,199
ACC225,2024-09-07,199
ACC226,2024-01-20,199
ACC226,2024-02-20,199
ACC226,2024-03-20,199
ACC226,2024-04-20,199
ACC226,2024-05-20,199
ACC226,2024-06-20,199
ACC226,2024-07-20,199
ACC226,2024-08-20,199
ACC227,2024-03-21,99
ACC227,2024-04-21,99
ACC227,2024-05-21,99
ACC227,2024-06-21,99
ACC227,2024-07-21,99
ACC227,2024-08-21,99
ACC227,2024-09-21,99
ACC227,2024-10-21,99
ACC228,2024-02-21,199
ACC228,2024-03-21,199
ACC228,2024-04-21,199
ACC228,2024-05-21,199
ACC228,2024-06-21,199
ACC228,2024-07-21,199
ACC228,2024-08-21,199
ACC228,2024-09-21,199
ACC228,2024-10-21,199
ACC228,2024-11-21,199
ACC228,2024-12-21,199
ACC229,2024-03-14,199
ACC229,2024-04-14,199
ACC229,2024-05-14,199
ACC229,2024-06-14,199
ACC229,2024-07-14,199
ACC229,2024-08-14,199
ACC229,2024-09-14,199
ACC229,2024-10-14,199
ACC229,2024-11-14,199
ACC229,2024-12-14,199
ACC229,2025-01-14,199
ACC229,2025-02-14,199
ACC229,2025-03-14,199
ACC229,2025-04-14,199
ACC229,2025-05-14,199
ACC230,2024-02-11,99
ACC230,2024-03-11,99
ACC230,2024-04-11,99
ACC230,2024-05-11,99
ACC230,2024-06-11,99
ACC230,2024-07-11,99
ACC230,2024-08-11,99
ACC230,2024-09-11,99
ACC230,2024-10-11,99
ACC230,2024-11-11,99
ACC230,2024-12-11,99
ACC230,2025-01-11,99
ACC230,2025-02-11,99
ACC230,2025-03-11,99
ACC230,2025-04-11,99
ACC230,2025-05-11,99
ACC231,2024-02-21,199
ACC231,2024-03-21,199
ACC231,2024-04-21,199
ACC231,2024-05-21,199
ACC231,2024-06-21,199
ACC231,2024-07-21,199
ACC231,2024-08-21,199
ACC231,2024-09-21,199
ACC231,2024-10-21,199
ACC231,2024-11-21,199
ACC231,2024-12-21,199
ACC231,2025-01-21,199
ACC231,2025-02-21,199
ACC231,2025-03-21,199
ACC231,2025-04-21,199
ACC232,2024-03-13,199
ACC232,2024-04-13,199
ACC232,2024-05-13,199
ACC232,2024-06-13,199
ACC232,2024-07-13,199
ACC232,2024-08-13,199
ACC232,2024-09-13,199
ACC232,2024-10-13,199
ACC232,2024-11-13,199
ACC232,2024-12-13,199
ACC232,2025-01-13,199
ACC233,2024-03-24,199
ACC233,2024-04-24,199
ACC233,2024-05-24,199
ACC233,2024-06-24,199
ACC233,2024-07-24,199
ACC233,2024-08-24,199
ACC233,2024-09-24,199
ACC233,2024-10-24,199
ACC233,2024-11-24,199
ACC233,2024-12-24,199
ACC233,2025-01-24,199
ACC233,2025-02-24,199
ACC233,2025-03-24,199
ACC233,2025-04-24,199
ACC234,2024-03-10,499
ACC234,2024-04-10,499
ACC234,2024-05-10,499
ACC234,2024-06-10,499
ACC234,2024-07-10,499
ACC234,2024-08-10,499
ACC234,2024-09-10,499
ACC234,2024-10-10,499
ACC234,2024-11-10,499
ACC234,2024-12-10,499
ACC234,2025-01-10,499
ACC234,2025-02-10,499
ACC234,2025-03-10,499
ACC234,2025-04-10,499
ACC234,2025-05-10,499
ACC234,2025-06-10,499
ACC234,2025-07-10,499
ACC234,2025-08-10,499
ACC234,2025-09-10,499
ACC235,2024-02-13,199
ACC235,2024-03-13,199
ACC235,2024-04-13,199
ACC235,2024-05-13,199
ACC235,2024-06-13,199
ACC235,2024-07-13,199
ACC235,2024-08-13,199
ACC235,2024-09-13,199
ACC235,2024-10-13,199
ACC235,2024-11-13,199
ACC235,2024-12-13,199
ACC235,2025-01-13,199
ACC235,2025-02-13,199
ACC235,2025-03-13,199
ACC235,2025-04-13,199
ACC236,2024-02-04,499
ACC236,2024-03-04,499
ACC236,2024-04-04,499
ACC236,2024-05-04,499
ACC236,2024-06-04,499
ACC236,2024-07-04,499
ACC236,2024-08-04,499
ACC236,2024-09-04,499
ACC236,2024-10-04,499
ACC236,2024-11-04,499
ACC236,2024-12-04,499
ACC236,2025-01-04,499
ACC236,2025-02-04,499
ACC236,2025-03-04,499
ACC236,2025-04-04,499
ACC236,2025-05-04,499
ACC236,2025-06-04,499
ACC236,2025-07-04,499
ACC236,2025-08-04,499
ACC237,2024-02-22,99
ACC237,2024-03-22,99
ACC237,2024-04-22,99
ACC237,2024-05-22,99
ACC237,2024-06-22,99
ACC237,2024-07-22,99
ACC237,2024-08-22,99
ACC238,2024-03-16,499
ACC238,2024-04-16,499
ACC238,2024-05-16,499
ACC238,2024-06-16,499
ACC238,2024-07-16,499
ACC238,2024-08-16,499
ACC238,2024-09-16,499
ACC238,2024-10-16,499
ACC238,2024-11-16,499
ACC238,2024-12-16,499
ACC238,2025-01-16,499
ACC238,2025-02-16,499
ACC238,2025-03-16,499
ACC238,2025-04-16,499
ACC238,2025-05-16,499
ACC239,2024-03-13,99
ACC239,2024-04-13,99
ACC239,2024-05-13,99
ACC239,2024-06-13,99
ACC239,2024-07-13,99
ACC239,2024-08-13,99
ACC239,2024-09-13,99
ACC239,2024-10-13,99
ACC239,2024-11-13,99
ACC239,2024-12-13,99
ACC239,2025-01-13,99
ACC239,2025-02-13,99
ACC239,2025-03-13,99
ACC240,2024-02-07,99
ACC240,2024-03-07,99
ACC240,2024-04-07,99
ACC240,2024-05-07,99
ACC240,2024-06-07,99
ACC240,2024-07-07,99
ACC240,2024-08-07,99
ACC240,2024-09-07,99
ACC240,2024-10-07,99
ACC240,2024-11-07,99
ACC240,2024-12-07,99
ACC240,2025-01-07,99
ACC240,2025-02-07,99
ACC240,2025-03-07,99
ACC240,2025-04-07,99
ACC240,2025-05-07,99
ACC241,2024-03-13,499
ACC241,2024-04-13,499
ACC241,2024-05-13,499
ACC241,2024-06-13,499
ACC241,2024-07-13,499
ACC241,2024-08-13,499
ACC241,2024-09-13,499
ACC241,2024-10-13,499
ACC242,2024-02-03,499
ACC242,2024-03-03,499
ACC242,2024-04-03,499
ACC242,2024-05-03,499
ACC242,2024-06-03,499
ACC242,2024-07-03,499
ACC242,2024-08-03,499
ACC242,2024-09-03,499
ACC242,2024-10-03,499
ACC242,2024-11-03,499
ACC242,2024-12-03,499
ACC242,2025-01-03,499
ACC242,2025-02-03,499
ACC242,2025-03-03,499
ACC242,2025-04-03,499
ACC242,2025-05-03,499
ACC242,2025-06-03,499
ACC242,2025-07-03,499
ACC243,2024-01-24,499
ACC243,2024-02-24,499
ACC243,2024-03-24,499
ACC243,2024-04-24,499
ACC243,2024-05-24,499
ACC243,2024-06-24,499
ACC243,2024-07-24,499
ACC243,2024-08-24,499
ACC243,2024-09-24,499
ACC243,2024-10-24,499
ACC243,2024-11-24,499
ACC243,2024-12-24,499
ACC243,2025-01-24,499
ACC243,2025-02-24,499
ACC243,2025-03-24,499
ACC243,2025-04-24,499
ACC243,2025-05-24,499
ACC243,2025-06-24,499
ACC244,2024-01-24,99
ACC244,2024-02-24,99
ACC244,2024-03-24,99
ACC244,2024-04-24,99
ACC244,2024-05-24,99
ACC244,2024-06-24,99
ACC244,2024-07-24,99
ACC244,2024-08-24,99
ACC244,2024-09-24,99
ACC244,2024-10-24,99
ACC244,2024-11-24,99
ACC244,2024-12-24,99
ACC244,2025-01-24,99
ACC244,2025-02-24,99
ACC244,2025-03-24,99
ACC245,2024-04-02,499
ACC245,2024-05-02,499
ACC245,2024-06-02,499
ACC245,2024-07-02,499
ACC245,2024-08-02,499
ACC245,2024-09-02,499
ACC245,2024-10-02,499
ACC245,2024-11-02,499
ACC246,2024-02-06,99
ACC246,2024-03-06,99
ACC246,2024-04-06,99
ACC246,2024-05-06,99
ACC246,2024-06-06,99
ACC246,2024-07-06,99
ACC246,2024-08-06,99
ACC246,2024-09-06,99
ACC246,2024-10-06,99
ACC246,2024-11-06,99
ACC246,2024-12-06,99
ACC246,2025-01-06,99
ACC246,2025-02-06,99
ACC246,2025-03-06,99
ACC246,2025-04-06,99
ACC247,2024-02-01,499
ACC247,2024-03-01,499
ACC247,2024-04-01,499
ACC247,2024-05-01,499
ACC247,2024-06-01,499
ACC247,2024-07-01,499
ACC247,2024-08-01,499
ACC247,2024-09-01,499
ACC247,2024-10-01,499
ACC247,2024-11-01,499
ACC247,2024-12-01,499
ACC247,2025-01-01,499
ACC247,2025-02-01,499
ACC247,2025-03-01,499
ACC247,2025-04-01,499
ACC247,2025-05-01,499
ACC248,2024-01-29,499
ACC248,2024-02-29,499
ACC248,2024-03-29,499
ACC248,2024-04-29,499
ACC248,2024-05-29,499
ACC248,2024-06-29,499
ACC248,2024-07-29,499
ACC248,2024-08-29,499
ACC248,2024-09-29,499
ACC248,2024-10-29,499
ACC248,2024-11-29,499
ACC248,2024-12-29,499
ACC248,2025-01-29,499
ACC248,2025-02-28,499
ACC248,2025-03-29,499
ACC248,2025-04-29,499
ACC248,2025-05-29,499
ACC249,2024-01-24,199
ACC249,2024-02-24,199
ACC249,2024-03-24,199
ACC249,2024-04-24,199
ACC249,2024-05-24,199
ACC249,2024-06-24,199
ACC249,2024-07-24,199
ACC249,2024-08-24,199
ACC249,2024-09-24,199
ACC249,2024-10-24,199
ACC249,2024-11-24,199
ACC250,2024-03-27,99
ACC250,2024-04-27,99
ACC250,2024-05-27,99
ACC250,2024-06-27,99
ACC250,2024-07-27,99
ACC250,2024-08-27,99
ACC250,2024-09-27,99
ACC250,2024-10-27,99
ACC250,2024-11-27,99
ACC250,2024-12-27,99
ACC250,2025-01-27,99
ACC250,2025-02-27,99
ACC250,2025-03-27,99
ACC250,2025-04-27,99
ACC250,2025-05-27,99
ACC250,2025-06-27,99
ACC250,2025-07-27,99
ACC250,2025-08-27,99
ACC250,2025-09-27,99
ACC251,2024-03-21,499
ACC251,2024-04-21,499
ACC251,2024-05-21,499
ACC251,2024-06-21,499
ACC251,2024-07-21,499
ACC251,2024-08-21,499
ACC251,2024-09-21,499
ACC251,2024-10-21,499
ACC251,2024-11-21,499
ACC251,2024-12-21,499
ACC251,2025-01-21,499
ACC251,2025-02-21,499
ACC251,2025-03-21,499
ACC251,2025-04-21,499
ACC252,2024-02-23,499
ACC252,2024-03-23,499
ACC252,2024-04-23,499
ACC252,2024-05-23,499
ACC252,2024-06-23,499
ACC252,2024-07-23,499
ACC252,2024-08-23,499
ACC252,2024-09-23,499
ACC252,2024-10-23,499
ACC253,2024-03-17,499
ACC253,2024-04-17,499
ACC253,2024-05-17,499
ACC253,2024-06-17,499
ACC253,2024-07-17,499
ACC253,2024-08-17,499
ACC253,2024-09-17,499
ACC253,2024-10-17,499
ACC253,2024-11-17,499
ACC253,2024-12-17,499
ACC253,2025-01-17,499
ACC253,2025-02-17,499
ACC253,2025-03-17,499
ACC253,2025-04-17,499
ACC254,2024-03-19,499
ACC254,2024-04-19,499
ACC254,2024-05-19,499
ACC254,2024-06-19,499
ACC254,2024-07-19,499
ACC254,2024-08-19,499
ACC254,2024-09-19,499
ACC254,2024-10-19,499
ACC254,2024-11-19,499
ACC254,2024-12-19,499
ACC254,2025-01-19,499
ACC254,2025-02-19,499
ACC254,2025-03-19,499
ACC255,2024-02-04,499
ACC255,2024-03-04,499
ACC255,2024-04-04,499
ACC255,2024-05-04,499
ACC255,2024-06-04,499
ACC255,2024-07-04,499
ACC255,2024-08-04,499
ACC256,2024-04-08,199
ACC256,2024-05-08,199
ACC256,2024-06-08,199
ACC256,2024-07-08,199
ACC256,2024-08-08,199
ACC256,2024-09-08,199
ACC256,2024-10-08,199
ACC256,2024-11-08,199
ACC256,2024-12-08,199
ACC256,2025-01-08,199
ACC256,2025-02-08,199
ACC256,2025-03-08,199
ACC256,2025-04-08,199
ACC256,2025-05-08,199
ACC256,2025-06-08,199
ACC256,2025-07-08,199
ACC256,2025-08-08,199
ACC256,2025-09-08,199
ACC256,2025-10-08,199
ACC257,2024-03-15,199
ACC257,2024-04-15,199
ACC257,2024-05-15,199
ACC257,2024-06-15,199
ACC257,2024-07-15,199
ACC257,2024-08-15,199
ACC257,2024-09-15,199
ACC257,2024-10-15,199
ACC257,2024-11-15,199
ACC258,2024-02-05,499
ACC258,2024-03-05,499
ACC258,2024-04-05,499
ACC258,2024-05-05,499
ACC258,2024-06-05,499
ACC258,2024-07-05,499
ACC258,2024-08-05,499
ACC258,2024-09-05,499
ACC258,2024-10-05,499
ACC258,2024-11-05,499
ACC258,2024-12-05,499
ACC258,2025-01-05,499
ACC258,2025-02-05,499
ACC258,2025-03-05,499
ACC258,2025-04-05,499
ACC258,2025-05-05,499
ACC258,2025-06-05,499
ACC258,2025-07-05,499
ACC258,2025-08-05,499
ACC259,2024-02-09,199
ACC259,2024-03-09,199
ACC259,2024-04-09,199
ACC259,2024-05-09,199
ACC259,2024-06-09,199
ACC259,2024-07-09,199
ACC259,2024-08-09,199
ACC260,2024-04-03,499
ACC260,2024-05-03,499
ACC260,2024-06-03,499
ACC260,2024-07-03,499
ACC260,2024-08-03,499
ACC260,2024-09-03,499
ACC260,2024-10-03,499
ACC260,2024-11-03,499
ACC260,2024-12-03,499
ACC260,2025-01-03,499
ACC260,2025-02-03,499
ACC260,2025-03-03,499
ACC260,2025-04-03,499
ACC260,2025-05-03,499
ACC260,2025-06-03,499
ACC260,2025-07-03,499
ACC260,2025-08-03,499
ACC261,2024-02-03,99
ACC261,2024-03-03,99
ACC261,2024-04-03,99
ACC261,2024-05-03,99
ACC261,2024-06-03,99
ACC261,2024-07-03,99
ACC261,2024-08-03,99
ACC261,2024-09-03,99
ACC262,2024-03-02,499
ACC262,2024-04-02,499
ACC262,2024-05-02,499
ACC262,2024-06-02,499
ACC262,2024-07-02,499
ACC262,2024-08-02,499
ACC262,2024-09-02,499
ACC262,2024-10-02,499
ACC262,2024-11-02,499
ACC262,2024-12-02,499
ACC262,2025-01-02,499
ACC263,2024-03-23,499
ACC263,2024-04-23,499
ACC263,2024-05-23,499
ACC263,2024-06-23,499
ACC263,2024-07-23,499
ACC263,2024-08-23,499
ACC263,2024-09-23,499
ACC263,2024-10-23,499
ACC263,2024-11-23,499
ACC263,2024-12-23,499
ACC263,2025-01-23,499
ACC263,2025-02-23,499
ACC263,2025-03-23,499
ACC264,2024-03-09,199
ACC264,2024-04-09,199
ACC264,2024-05-09,199
ACC264,2024-06-09,199
ACC264,2024-07-09,199
ACC264,2024-08-09,199
ACC264,2024-09-09,199
ACC264,2024-10-09,199
ACC264,2024-11-09,199
ACC264,2024-12-09,199
ACC264,2025-01-09,199
ACC264,2025-02-09,199
ACC264,2025-03-09,199
ACC264,2025-04-09,199
ACC264,2025-05-09,199
ACC264,2025-06-09,199
ACC264,2025-07-09,199
ACC265,2024-04-12,199
ACC265,2024-05-12,199
ACC265,2024-06-12,199
ACC265,2024-07-12,199
ACC265,2024-08-12,199
ACC265,2024-09-12,199
ACC266,2024-02-07,199
ACC266,2024-03-07,199
ACC266,2024-04-07,199
ACC266,2024-05-07,199
ACC266,2024-06-07,199
ACC266,2024-07-07,199
ACC266,2024-08-07,199
ACC266,2024-09-07,199
ACC266,2024-10-07,199
ACC267,2024-02-02,499
ACC267,2024-03-02,499
ACC267,2024-04-02,499
ACC267,2024-05-02,499
ACC267,2024-06-02,499
ACC267,2024-07-02,499
ACC267,2024-08-02,499
ACC267,2024-09-02,499
ACC267,2024-10-02,499
ACC267,2024-11-02,499
ACC267,2024-12-02,499
ACC268,2024-03-30,199
ACC268,2024-04-30,199
ACC268,2024-05-30,199
ACC268,2024-06-30,199
ACC268,2024-07-30,199
ACC268,2024-08-30,199
ACC268,2024-09-30,199
ACC268,2024-10-30,199
ACC268,2024-11-30,199
ACC268,2024-12-30,199
ACC268,2025-01-30,199
ACC268,2025-02-28,199
ACC268,2025-03-30,199
ACC269,2024-02-16,499
ACC269,2024-03-16,499
ACC269,2024-04-16,499
ACC269,2024-05-16,499
ACC269,2024-06-16,499
ACC269,2024-07-16,499
ACC269,2024-08-16,499
ACC269,2024-09-16,499
ACC269,2024-10-16,499
ACC270,2024-01-27,499
ACC270,2024-02-27,499
ACC270,2024-03-27,499
ACC270,2024-04-27,499
ACC270,2024-05-27,499
ACC270,2024-06-27,499
ACC270,2024-07-27,499
ACC270,2024-08-27,499
ACC270,2024-09-27,499
ACC270,2024-10-27,499
ACC270,2024-11-27,499
ACC270,2024-12-27,499
ACC270,2025-01-27,499
ACC270,2025-02-27,499
ACC271,2024-03-06,499
ACC271,2024-04-06,499
ACC271,2024-05-06,499
ACC271,2024-06-06,499
ACC271,2024-07-06,499
ACC271,2024-08-06,499
ACC271,2024-09-06,499
ACC271,2024-10-06,499
ACC271,2024-11-06,499
ACC271,2024-12-06,499
ACC271,2025-01-06,499
ACC271,2025-02-06,499
ACC271,2025-03-06,499
ACC271,2025-04-06,499
ACC271,2025-05-06,499
ACC271,2025-06-06,499
ACC271,2025-07-06,499
ACC271,2025-08-06,499
ACC272,2024-03-03,499
ACC272,2024-04-03,499
ACC272,2024-05-03,499
ACC272,2024-06-03,499
ACC272,2024-07-03,499
ACC272,2024-08-03,499
ACC272,2024-09-03,499
ACC272,2024-10-03,499
ACC272,2024-11-03,499
ACC272,2024-12-03,499
ACC272,2025-01-03,499
ACC272,2025-02-03,499
ACC272,2025-03-03,499
ACC272,2025-04-03,499
ACC272,2025-05-03,499
ACC273,2024-02-25,199
ACC273,2024-03-25,199
ACC273,2024-04-25,199
ACC273,2024-05-25,199
ACC273,2024-06-25,199
ACC273,2024-07-25,199
ACC273,2024-08-25,199
ACC273,2024-09-25,199
ACC273,2024-10-25,199
ACC273,2024-11-25,199
ACC273,2024-12-25,199
ACC273,2025-01-25,199
ACC273,2025-02-25,199
ACC274,2024-03-24,499
ACC274,2024-04-24,499
ACC274,2024-05-24,499
ACC274,2024-06-24,499
ACC274,2024-07-24,499
ACC274,2024-08-24,499
ACC274,2024-09-24,499
ACC274,2024-10-24,499
ACC274,2024-11-24,499
ACC274,2024-12-24,499
ACC274,2025-01-24,499
ACC274,2025-02-24,499
ACC275,2024-01-26,199
ACC275,2024-02-26,199
ACC275,2024-03-26,199
ACC275,2024-04-26,199
ACC275,2024-05-26,199
ACC275,2024-06-26,199
ACC276,2024-02-14,199
ACC276,2024-03-14,199
ACC276,2024-04-14,199
ACC276,2024-05-14,199
ACC276,2024-06-14,199
ACC276,2024-07-14,199
ACC276,2024-08-14,199
ACC276,2024-09-14,199
ACC276,2024-10-14,199
ACC276,2024-11-14,199
ACC276,2024-12-14,199
ACC276,2025-01-14,199
ACC276,2025-02-14,199
ACC276,2025-03-14,199
ACC276,2025-04-14,199
ACC276,2025-05-14,199
ACC277,2024-02-25,99
ACC277,2024-03-25,99
ACC277,2024-04-25,99
ACC277,2024-05-25,99
ACC277,2024-06-25,99
ACC277,2024-07-25,99
ACC277,2024-08-25,99
ACC277,2024-09-25,99
ACC277,2024-10-25,99
ACC277,2024-11-25,99
ACC277,2024-12-25,99
ACC277,2025-01-25,99
ACC277,2025-02-25,99
ACC277,2025-03-25,99
ACC278,2024-03-02,199
ACC278,2024-04-02,199
ACC278,2024-05-02,199
ACC278,2024-06-02,199
ACC278,2024-07-02,199
ACC278,2024-08-02,199
ACC278,2024-09-02,199
ACC278,2024-10-02,199
ACC278,2024-11-02,199
ACC278,2024-12-02,199
ACC278,2025-01-02,199
ACC278,2025-02-02,199
ACC278,2025-03-02,199
ACC278,2025-04-02,199
ACC278,2025-05-02,199
ACC278,2025-06-02,199
ACC278,2025-07-02,199
ACC278,2025-08-02,199
ACC279,2024-02-03,499
ACC279,2024-03-03,499
ACC279,2024-04-03,499
ACC279,2024-05-03,499
ACC279,2024-06-03,499
ACC279,2024-07-03,499
ACC279,2024-08-03,499
ACC279,2024-09-03,499
ACC279,2024-10-03,499
ACC279,2024-11-03,499
ACC279,2024-12-03,499
ACC279,2025-01-03,499
ACC279,2025-02-03,499
ACC279,2025-03-03,499
ACC279,2025-04-03,499
ACC279,2025-05-03,499
ACC279,2025-06-03,499
ACC279,2025-07-03,499
ACC280,2024-02-10,499
ACC280,2024-03-10,499
ACC280,2024-04-10,499
ACC280,2024-05-10,499
ACC280,2024-06-10,499
ACC280,2024-07-10,499
ACC280,2024-08-10,499
ACC280,2024-09-10,499
ACC281,2024-02-06,499
ACC281,2024-03-06,499
ACC281,2024-04-06,499
ACC281,2024-05-06,499
ACC281,2024-06-06,499
ACC281,2024-07-06,499
ACC281,2024-08-06,499
ACC281,2024-09-06,499
ACC281,2024-10-06,499
ACC281,2024-11-06,499
ACC281,2024-12-06,499
ACC282,2024-01-23,499
ACC282,2024-02-23,499
ACC282,2024-03-23,499
ACC282,2024-04-23,499
ACC282,2024-05-23,499
ACC282,2024-06-23,499
ACC282,2024-07-23,499
ACC282,2024-08-23,499
ACC282,2024-09-23,499
ACC282,2024-10-23,499
ACC282,2024-11-23,499
ACC282,2024-12-23,499
ACC282,2025-01-23,499
ACC282,2025-02-23,499
ACC282,2025-03-23,499
ACC282,2025-04-23,499
ACC282,2025-05-23,499
ACC283,2024-03-07,99
ACC283,2024-04-07,99
ACC283,2024-05-07,99
ACC283,2024-06-07,99
ACC283,2024-07-07,99
ACC283,2024-08-07,99
ACC283,2024-09-07,99
ACC283,2024-10-07,99
ACC283,2024-11-07,99
ACC283,2024-12-07,99
ACC283,2025-01-07,99
ACC283,2025-02-07,99
ACC283,2025-03-07,99
ACC283,2025-04-07,99
ACC284,2024-02-17,499
ACC284,2024-03-17,499
ACC284,2024-04-17,499
ACC284,2024-05-17,499
ACC284,2024-06-17,499
ACC284,2024-07-17,499
ACC284,2024-08-17,499
ACC284,2024-09-17,499
ACC284,2024-10-17,499
ACC284,2024-11-17,499
ACC284,2024-12-17,499
ACC284,2025-01-17,499
ACC284,2025-02-17,499
ACC284,2025-03-17,499
ACC284,2025-04-17,499
ACC284,2025-05-17,499
ACC284,2025-06-17,499
ACC284,2025-07-17,499
ACC284,2025-08-17,499
ACC285,2024-02-01,499
ACC285,2024-03-01,499
ACC285,2024-04-01,499
ACC285,2024-05-01,499
ACC285,2024-06-01,499
ACC285,2024-07-01,499
ACC285,2024-08-01,499
ACC285,2024-09-01,499
ACC286,2024-02-16,199
ACC286,2024-03-16,199
ACC286,2024-04-16,199
ACC286,2024-05-16,199
ACC286,2024-06-16,199
ACC286,2024-07-16,199
ACC286,2024-08-16,199
ACC286,2024-09-16,199
ACC286,2024-10-16,199
ACC286,2024-11-16,199
ACC286,2024-12-16,199
ACC286,2025-01-16,199
ACC286,2025-02-16,199
ACC286,2025-03-16,199
ACC287,2024-02-20,499
ACC287,2024-03-20,499
ACC287,2024-04-20,499
ACC287,2024-05-20,499
ACC287,2024-06-20,499
ACC287,2024-07-20,499
ACC287,2024-08-20,499
ACC287,2024-09-20,499
ACC287,2024-10-20,499
ACC288,2024-03-17,99
ACC288,2024-04-17,99
ACC288,2024-05-17,99
ACC288,2024-06-17,99
ACC288,2024-07-17,99
ACC288,2024-08-17,99
ACC288,2024-09-17,99
ACC288,2024-10-17,99
ACC288,2024-11-17,99
ACC288,2024-12-17,99
ACC288,2025-01-17,99
ACC288,2025-02-17,99
ACC288,2025-03-17,99
ACC288,2025-04-17,99
ACC288,2025-05-17,99
ACC288,2025-06-17,99
ACC288,2025-07-17,99
ACC288,2025-08-17,99
ACC288,2025-09-17,99
ACC289,2024-02-03,499
ACC289,2024-03-03,499
ACC289,2024-04-03,499
ACC289,2024-05-03,499
ACC289,2024-06-03,499
ACC289,2024-07-03,499
ACC289,2024-08-03,499
ACC289,2024-09-03,499
ACC289,2024-10-03,499
ACC289,2024-11-03,499
ACC289,2024-12-03,499
ACC289,2025-01-03,499
ACC289,2025-02-03,499
ACC289,2025-03-03,499
ACC289,2025-04-03,499
ACC289,2025-05-03,499
ACC289,2025-06-03,499
ACC289,2025-07-03,499
ACC290,2024-03-28,199
ACC290,2024-04-28,199
ACC290,2024-05-28,199
ACC290,2024-06-28,199
ACC290,2024-07-28,199
ACC290,2024-08-28,199
ACC290,2024-09-28,199
ACC290,2024-10-28,199
ACC290,2024-11-28,199
ACC290,2024-12-28,199
ACC291,2024-01-26,99
ACC291,2024-02-26,99
ACC291,2024-03-26,99
ACC291,2024-04-26,99
ACC291,2024-05-26,99
ACC291,2024-06-26,99
ACC291,2024-07-26,99
ACC291,2024-08-26,99
ACC291,2024-09-26,99
ACC291,2024-10-26,99
ACC292,2024-03-12,99
ACC292,2024-04-12,99
ACC292,2024-05-12,99
ACC292,2024-06-12,99
ACC292,2024-07-12,99
ACC292,2024-08-12,99
ACC292,2024-09-12,99
ACC292,2024-10-12,99
ACC292,2024-11-12,99
ACC292,2024-12-12,99
ACC292,2025-01-12,99
ACC293,2024-04-07,99
ACC293,2024-05-07,99
ACC293,2024-06-07,99
ACC293,2024-07-07,99
ACC293,2024-08-07,99
ACC293,2024-09-07,99
ACC293,2024-10-07,99
ACC293,2024-11-07,99
ACC293,2024-12-07,99
ACC294,2024-02-17,199
ACC294,2024-03-17,199
ACC294,2024-04-17,199
ACC294,2024-05-17,199
ACC294,2024-06-17,199
ACC294,2024-07-17,199
ACC294,2024-08-17,199
ACC294,2024-09-17,199
ACC294,2024-10-17,199
ACC294,2024-11-17,199
ACC295,2024-02-19,199
ACC295,2024-03-19,199
ACC295,2024-04-19,199
ACC295,2024-05-19,199
ACC295,2024-06-19,199
ACC295,2024-07-19,199
ACC296,2024-01-27,199
ACC296,2024-02-27,199
ACC296,2024-03-27,199
ACC296,2024-04-27,199
ACC296,2024-05-27,199
ACC296,2024-06-27,199
ACC296,2024-07-27,199
ACC296,2024-08-27,199
ACC296,2024-09-27,199
ACC296,2024-10-27,199
ACC296,2024-11-27,199
ACC296,2024-12-27,199
ACC296,2025-01-27,199
ACC296,2025-02-27,199
ACC296,2025-03-27,199
ACC296,2025-04-27,199
ACC296,2025-05-27,199
ACC296,2025-06-27,199
ACC297,2024-02-12,99
ACC297,2024-03-12,99
ACC297,2024-04-12,99
ACC297,2024-05-12,99
ACC297,2024-06-12,99
ACC297,2024-07-12,99
ACC297,2024-08-12,99
ACC297,2024-09-12,99
ACC297,2024-10-12,99
ACC297,2024-11-12,99
ACC297,2024-12-12,99
ACC297,2025-01-12,99
ACC297,2025-02-12,99
ACC297,2025-03-12,99
ACC297,2025-04-12,99
ACC297,2025-05-12,99
ACC297,2025-06-12,99
ACC298,2024-02-20,199
ACC298,2024-03-20,199
ACC298,2024-04-20,199
ACC298,2024-05-20,199
ACC298,2024-06-20,199
ACC298,2024-07-20,199
ACC298,2024-08-20,199
ACC298,2024-09-20,199
ACC298,2024-10-20,199
ACC298,2024-11-20,199
ACC298,2024-12-20,199
ACC298,2025-01-20,199
ACC298,2025-02-20,199
ACC298,2025-03-20,199
ACC298,2025-04-20,199
ACC298,2025-05-20,199
ACC298,2025-06-20,199
ACC299,2024-02-12,499
ACC299,2024-03-12,499
ACC299,2024-04-12,499
ACC299,2024-05-12,499
ACC299,2024-06-12,499
ACC299,2024-07-12,499
ACC299,2024-08-12,499
ACC299,2024-09-12,499
